{
  "meta": {
    "messageId": 656,
    "timestamp": 1769162194538,
    "serverTick": 97565201
  },
  "type": "data_dump_chunk",
  "data": {
    "dumpId": "dump-1769162194538",
    "chunkIndex": 2,
    "totalChunks": 4,
    "chunkType": "claims",
    "claimChunkIndex": 0,
    "totalClaimChunks": 1,
    "claims": [
      {
        "id": "f30d71f9-bd03-4fed-9f0c-bce4cba0e0d8",
        "badgeId": 7,
        "teamId": "14451ab2-61fa-4a3a-91c0-9433d7fb375f",
        "teamName": "Evidi",
        "playerName": "Nicjo5524",
        "webUrl": "1234",
        "comment": "We deserve this!!!!",
        "timestamp": 1768846112526,
        "status": "approved",
        "judgeMessage": "You really deserve this!!!",
        "pointsAwarded": 10
      },
      {
        "id": "acc4a14a-d749-47eb-b6a2-a0cffac937cf",
        "badgeId": 8,
        "teamId": "14451ab2-61fa-4a3a-91c0-9433d7fb375f",
        "teamName": "Evidi",
        "playerName": "Nicjo5524",
        "webUrl": "1234",
        "comment": "why???",
        "timestamp": 1769036275254,
        "status": "rejected",
        "judgeMessage": "no way"
      },
      {
        "id": "9a362aeb-483b-4c11-a10f-2315a1bcb067",
        "badgeId": 2,
        "teamId": "14451ab2-61fa-4a3a-91c0-9433d7fb375f",
        "teamName": "Evidi",
        "playerName": "[Judge: Nicjo5524]",
        "webUrl": "direct-award",
        "comment": "you deserve it!",
        "timestamp": 1769039776810,
        "status": "approved",
        "judgeMessage": "you deserve it!",
        "pointsAwarded": 100
      },
      {
        "id": "b81a051d-8a04-4b6c-bdee-ff0e3264fea8",
        "badgeId": 9,
        "teamId": "14451ab2-61fa-4a3a-91c0-9433d7fb375f",
        "teamName": "Evidi",
        "playerName": "Nicjo5524",
        "webUrl": "123",
        "comment": "Yes",
        "timestamp": 1769039927155,
        "status": "approved",
        "judgeMessage": "Yes",
        "pointsAwarded": 10
      },
      {
        "id": "2575bf6d-3265-4fce-a682-ecf6486caf3e",
        "badgeId": 13,
        "teamId": "f23f324a-370a-4278-9bfe-99e7c1f14752",
        "teamName": "Logiqraft",
        "playerName": "Vasile4kin9611",
        "webUrl": "9743",
        "comment": "Sharing is caring! LogiQraft",
        "timestamp": 1769074801954,
        "status": "rejected",
        "judgeMessage": "Sharing the heads are nice! But not quite what I look for in the badge. Share code, apis or tech"
      },
      {
        "id": "a04f280d-b3d1-4825-b9fb-a96c5da2eb34",
        "badgeId": 7,
        "teamId": "ccca9b85-7514-4268-961d-0a7bf35e6d45",
        "teamName": "Enderdogs",
        "playerName": "PrintQuill8982",
        "webUrl": "9743",
        "comment": "Sharing the home made creeper head is no small feat.",
        "timestamp": 1769076671445,
        "status": "rejected",
        "judgeMessage": "Do your own freaking blogpost"
      },
      {
        "id": "851429d2-e985-432e-88de-16c05910dd45",
        "badgeId": 9,
        "teamId": "ccca9b85-7514-4268-961d-0a7bf35e6d45",
        "teamName": "Enderdogs",
        "playerName": "PrintQuill8982",
        "webUrl": "9729",
        "comment": "",
        "timestamp": 1769076974011,
        "status": "approved",
        "judgeMessage": "Nice - but limit the em-dashes pls :D",
        "pointsAwarded": 10
      },
      {
        "id": "6d45b496-46fd-460f-b99a-85a4c8dc6452",
        "badgeId": 28,
        "teamId": "ccca9b85-7514-4268-961d-0a7bf35e6d45",
        "teamName": "Enderdogs",
        "playerName": "PrintQuill8982",
        "webUrl": "9729",
        "comment": "",
        "timestamp": 1769076985713,
        "status": "approved",
        "judgeMessage": "You have a lot to live up to. (Also I saw AI generated post, keep it shorter next time)",
        "pointsAwarded": 10
      },
      {
        "id": "e0c8b797-8fdd-46cc-9ad0-99b7a44fb2c1",
        "badgeId": 9,
        "teamId": "f319f381-88a0-4b50-a33e-f044d3663444",
        "teamName": "8 Bit Bastards",
        "playerName": "HyperBacon6463",
        "webUrl": "9745",
        "comment": "Early Delivery",
        "timestamp": 1769077087758,
        "status": "approved",
        "judgeMessage": "Good - but less AI next time please! :D",
        "pointsAwarded": 10
      },
      {
        "id": "2bd3434e-13d3-459b-8ef2-53086431d388",
        "badgeId": 9,
        "teamId": "59da1d04-0c04-415a-b07c-d12cd4534dbe",
        "teamName": "404DiamondsNotFound",
        "playerName": "MagicPantalones",
        "webUrl": "9732",
        "comment": "",
        "timestamp": 1769077092054,
        "status": "approved",
        "judgeMessage": "\"Let’s build something magical\" - AI Much?",
        "pointsAwarded": 10
      },
      {
        "id": "5fba1df3-e96b-4920-b169-90d971d7b8b0",
        "badgeId": 28,
        "teamId": "f319f381-88a0-4b50-a33e-f044d3663444",
        "teamName": "8 Bit Bastards",
        "playerName": "HyperBacon6463",
        "webUrl": "9745",
        "comment": "",
        "timestamp": 1769077274062,
        "status": "approved",
        "pointsAwarded": 10
      },
      {
        "id": "e3f35654-9b95-438f-9de4-a1d99ddd6e73",
        "badgeId": 9,
        "teamId": "00c0f93d-32ea-46a7-b027-47082fc986da",
        "teamName": "T IN T",
        "playerName": "Kristooball",
        "webUrl": "9782",
        "comment": "",
        "timestamp": 1769078303225,
        "status": "approved",
        "pointsAwarded": 10
      },
      {
        "id": "0657d645-b515-4fde-a3cd-fb046fa039de",
        "badgeId": 28,
        "teamId": "00c0f93d-32ea-46a7-b027-47082fc986da",
        "teamName": "T IN T",
        "playerName": "Kristooball",
        "webUrl": "9782",
        "comment": "",
        "timestamp": 1769078315290,
        "status": "approved",
        "judgeMessage": "Cool idea!",
        "pointsAwarded": 10
      },
      {
        "id": "f0af193d-fe53-41d0-ad66-b053415857b7",
        "badgeId": 10,
        "teamId": "f23f324a-370a-4278-9bfe-99e7c1f14752",
        "teamName": "Logiqraft",
        "playerName": "Vasile4kin9611",
        "webUrl": "9801",
        "comment": "Happy Camper LogiQraft!",
        "timestamp": 1769078585190,
        "status": "approved",
        "judgeMessage": "Keep the team spirit up, looking forward to seeing your 3D printed items!",
        "pointsAwarded": 10
      },
      {
        "id": "1aaa23e7-5a1e-47c9-a758-71941e6a88a3",
        "badgeId": 12,
        "teamId": "f23f324a-370a-4278-9bfe-99e7c1f14752",
        "teamName": "Logiqraft",
        "playerName": "Vasile4kin9611",
        "webUrl": "9801",
        "comment": "Team LogiQraft!",
        "timestamp": 1769078601621,
        "status": "approved",
        "judgeMessage": "You sure got the team spirit! Will stop by for sweets!",
        "pointsAwarded": 10
      },
      {
        "id": "e2eb819e-ac4a-48d9-b6eb-e2a0a1127458",
        "badgeId": 9,
        "teamId": "907de61c-3a77-479f-b591-397b4769475c",
        "teamName": "Cepheo CC",
        "playerName": "Madinho3285",
        "webUrl": "9809",
        "comment": "",
        "timestamp": 1769078649352,
        "status": "approved",
        "pointsAwarded": 10
      },
      {
        "id": "746a3557-5bf7-4d24-a0fd-751b6ad81985",
        "badgeId": 28,
        "teamId": "907de61c-3a77-479f-b591-397b4769475c",
        "teamName": "Cepheo CC",
        "playerName": "Madinho3285",
        "webUrl": "9809",
        "comment": "",
        "timestamp": 1769078691080,
        "status": "approved",
        "judgeMessage": "Looking forward to seeing this being built! Alot to live up to ;)",
        "pointsAwarded": 10
      },
      {
        "id": "7410bfe4-033f-4813-bb4d-47757ddec613",
        "badgeId": 7,
        "teamId": "ccca9b85-7514-4268-961d-0a7bf35e6d45",
        "teamName": "Enderdogs",
        "playerName": "PrintQuill8982",
        "webUrl": "9790",
        "comment": "Sorry. here is our own post",
        "timestamp": 1769078725585,
        "status": "rejected",
        "judgeMessage": "Did you really go out of your way to share with a fellow team? Try again ;)"
      },
      {
        "id": "f66ffa9a-6212-48d6-8f8b-87e496c27c41",
        "badgeId": 9,
        "teamId": "9ddcb9cb-af4f-4f8d-b6c0-26833e9ade4f",
        "teamName": "EVIDIently crafted",
        "playerName": "DualAgenda03680",
        "webUrl": "9734",
        "comment": "",
        "timestamp": 1769078783186,
        "status": "approved",
        "pointsAwarded": 10
      },
      {
        "id": "baaa6b4e-98dd-458d-ae6a-94c9d0b44839",
        "badgeId": 28,
        "teamId": "9ddcb9cb-af4f-4f8d-b6c0-26833e9ade4f",
        "teamName": "EVIDIently crafted",
        "playerName": "DualAgenda03680",
        "webUrl": "9734",
        "comment": "",
        "timestamp": 1769078829834,
        "status": "approved",
        "judgeMessage": "Exciting! Make sure you don't build an already existing solution, it should solve a business problem",
        "pointsAwarded": 10
      },
      {
        "id": "ff911fc5-3cf0-4c3f-955d-7db1b99ccc66",
        "badgeId": 9,
        "teamId": "030d6d09-ad1f-42b9-837e-f5d60bbbf5c6",
        "teamName": "PixelPoints",
        "playerName": "Antioxzus",
        "webUrl": "9752",
        "comment": "",
        "timestamp": 1769079038564,
        "status": "approved",
        "pointsAwarded": 10
      },
      {
        "id": "0ae5d410-68ab-4bf2-8ba3-179764f12ad6",
        "badgeId": 9,
        "teamId": "f23f324a-370a-4278-9bfe-99e7c1f14752",
        "teamName": "Logiqraft",
        "playerName": "Vasile4kin9611",
        "webUrl": "9749",
        "comment": "Early Delivery is here from LogiQraft!",
        "timestamp": 1769079132006,
        "status": "approved",
        "pointsAwarded": 10
      },
      {
        "id": "07e3b560-e672-4780-a1a5-c48bd3c4027a",
        "badgeId": 9,
        "teamId": "f2329201-4fc0-4646-93b8-107df0569dc8",
        "teamName": "BratwurstAndBiscuits",
        "playerName": "FlouryMint8465",
        "webUrl": "9731",
        "comment": "",
        "timestamp": 1769079225954,
        "status": "approved",
        "pointsAwarded": 10
      },
      {
        "id": "adbcdd5a-a0c2-464a-a6d9-1486239eb9c5",
        "badgeId": 7,
        "teamId": "f2329201-4fc0-4646-93b8-107df0569dc8",
        "teamName": "BratwurstAndBiscuits",
        "playerName": "FlouryMint8465",
        "webUrl": "9731",
        "comment": "",
        "timestamp": 1769079236046,
        "status": "approved",
        "judgeMessage": "This is pretty freaking amazing!",
        "pointsAwarded": 10
      },
      {
        "id": "b375250e-2da1-4a4c-b0e2-83483af164f7",
        "badgeId": 12,
        "teamId": "f2329201-4fc0-4646-93b8-107df0569dc8",
        "teamName": "BratwurstAndBiscuits",
        "playerName": "FlouryMint8465",
        "webUrl": "9731",
        "comment": "",
        "timestamp": 1769079246549,
        "status": "approved",
        "judgeMessage": "I take it back if you don't continue to keep up the team spirit!",
        "pointsAwarded": 10
      },
      {
        "id": "98d3ca58-92e6-4366-9516-18b6f137f7bc",
        "badgeId": 9,
        "teamId": "b0835594-ab90-40c6-968e-7ac04b2b3667",
        "teamName": "CrayCon Creepers",
        "playerName": "Renoz2458",
        "webUrl": "9805",
        "comment": "ACDC blog post is posted with our amazing idea with illustrations",
        "timestamp": 1769079266622,
        "status": "approved",
        "pointsAwarded": 10
      },
      {
        "id": "d70ff44f-d969-4a45-948c-5c74787da416",
        "badgeId": 28,
        "teamId": "b0835594-ab90-40c6-968e-7ac04b2b3667",
        "teamName": "CrayCon Creepers",
        "playerName": "Renoz2458",
        "webUrl": "9805",
        "comment": "On our blogpost we have added a lot of information with images and illustrations to our idea",
        "timestamp": 1769079481268,
        "status": "approved",
        "judgeMessage": "Interesting, you have alot to live up to!",
        "pointsAwarded": 10
      },
      {
        "id": "a8df1d11-5ea6-486a-a462-5be5cfe61569",
        "badgeId": 10,
        "teamId": "ccca9b85-7514-4268-961d-0a7bf35e6d45",
        "teamName": "Enderdogs",
        "playerName": "Player072602780",
        "webUrl": "9777",
        "comment": "",
        "timestamp": 1769083448250,
        "status": "approved",
        "judgeMessage": "Great decorations, love the custom 3D printed decorations! Keep the team spirit up and have fun :)",
        "pointsAwarded": 10
      },
      {
        "id": "06b76c3d-6d03-4b77-9dc0-11df7471eb5c",
        "badgeId": 10,
        "teamId": "030d6d09-ad1f-42b9-837e-f5d60bbbf5c6",
        "teamName": "PixelPoints",
        "playerName": "Antioxzus",
        "webUrl": "9889",
        "comment": "",
        "timestamp": 1769084004738,
        "status": "approved",
        "judgeMessage": "The judge with the axolotl and torch lamps approves of your lamps! Have fun :)",
        "pointsAwarded": 10
      },
      {
        "id": "910cc19e-870f-490a-9e7c-e092c6d41aca",
        "badgeId": 9,
        "teamId": "6c2b7d25-0d1b-449a-8625-e1ce8d8de2d2",
        "teamName": "Itera Scope Creepers",
        "playerName": "Moorbitz",
        "webUrl": "9845",
        "comment": "",
        "timestamp": 1769084292337,
        "status": "approved",
        "judgeMessage": "Love that you will be using vibe.powerapps.com",
        "pointsAwarded": 10
      },
      {
        "id": "215664cf-eaa9-4c44-84f5-c08530c79df2",
        "badgeId": 28,
        "teamId": "6c2b7d25-0d1b-449a-8625-e1ce8d8de2d2",
        "teamName": "Itera Scope Creepers",
        "playerName": "Moorbitz",
        "webUrl": "9845",
        "comment": "",
        "timestamp": 1769084304885,
        "status": "approved",
        "pointsAwarded": 10
      },
      {
        "id": "13e3988b-83b2-4997-ac29-ccec6566ab07",
        "badgeId": 9,
        "teamId": "388bb4e7-9bb1-4997-b961-34f4b9dae144",
        "teamName": "datablocks",
        "playerName": "kauba",
        "webUrl": "9776",
        "comment": "had issues with the game, but now it works :)",
        "timestamp": 1769084924435,
        "status": "approved",
        "judgeMessage": "Wow - can't wait to see the solution ",
        "pointsAwarded": 10
      },
      {
        "id": "58774e20-1416-4426-a813-6abfe6e30ac7",
        "badgeId": 28,
        "teamId": "388bb4e7-9bb1-4997-b961-34f4b9dae144",
        "teamName": "datablocks",
        "playerName": "kauba",
        "webUrl": "9776",
        "comment": "",
        "timestamp": 1769084948447,
        "status": "approved",
        "pointsAwarded": 10
      },
      {
        "id": "aae66f77-0b99-4c7a-812e-b482384a6680",
        "badgeId": 28,
        "teamId": "030d6d09-ad1f-42b9-837e-f5d60bbbf5c6",
        "teamName": "PixelPoints",
        "playerName": "Antioxzus",
        "webUrl": "9899",
        "comment": "",
        "timestamp": 1769087518689,
        "status": "approved",
        "pointsAwarded": 10
      },
      {
        "id": "ab615e97-a479-4e77-8983-91a0fd0df81f",
        "badgeId": 23,
        "teamId": "ccca9b85-7514-4268-961d-0a7bf35e6d45",
        "teamName": "Enderdogs",
        "playerName": "PrintQuill8982",
        "webUrl": "9907",
        "comment": "Microsoft Foundry Workflows!!!",
        "timestamp": 1769087799421,
        "status": "rejected",
        "judgeMessage": "Terraform/Foundry: Cool! Powershell isn't very hip, but great solutioning and problemsolving skills!"
      },
      {
        "id": "7a3a6369-d0f5-414e-81da-a20ebf9702a3",
        "badgeId": 24,
        "teamId": "ccca9b85-7514-4268-961d-0a7bf35e6d45",
        "teamName": "Enderdogs",
        "playerName": "PrintQuill8982",
        "webUrl": "9907",
        "comment": "No API but still IaC?? HOW??",
        "timestamp": 1769087839620,
        "status": "approved",
        "judgeMessage": "Not just a hack but a suuuuuper dirty hack! Love the use of web browser dev tools, great work :)",
        "pointsAwarded": 10
      },
      {
        "id": "012ae315-95ff-4fae-82ce-d24175897128",
        "badgeId": 27,
        "teamId": "f2329201-4fc0-4646-93b8-107df0569dc8",
        "teamName": "BratwurstAndBiscuits",
        "playerName": "DriedPhoenix637",
        "webUrl": "9927",
        "comment": "",
        "timestamp": 1769093090158,
        "status": "approved",
        "judgeMessage": "Low code approved retro board. Kanban for the win.",
        "pointsAwarded": 10
      },
      {
        "id": "6e7be282-8e71-4e86-938d-01724b6c7c7b",
        "badgeId": 26,
        "teamId": "f23f324a-370a-4278-9bfe-99e7c1f14752",
        "teamName": "Logiqraft",
        "playerName": "Vasile4kin9611",
        "webUrl": "9920",
        "comment": "Power User Looooooooveeeee",
        "timestamp": 1769093921247,
        "status": "rejected",
        "judgeMessage": "Not seeing the Pro-code element of the blogpost. Please revise showing your pro code."
      },
      {
        "id": "d304795e-f8b3-423c-8811-fdd2b10e3ebe",
        "badgeId": 23,
        "teamId": "907de61c-3a77-479f-b591-397b4769475c",
        "teamName": "Cepheo CC",
        "playerName": "Madinho3285",
        "webUrl": "9949",
        "comment": "",
        "timestamp": 1769094009548,
        "status": "approved",
        "judgeMessage": "Love me some Pie!",
        "pointsAwarded": 10
      },
      {
        "id": "2d26bf15-6fb4-43c0-81c8-abe4b1806c29",
        "badgeId": 15,
        "teamId": "030d6d09-ad1f-42b9-837e-f5d60bbbf5c6",
        "teamName": "PixelPoints",
        "playerName": "Antioxzus",
        "webUrl": "9911",
        "comment": "",
        "timestamp": 1769094429037,
        "status": "approved",
        "pointsAwarded": 10
      },
      {
        "id": "6041a154-4ea3-4087-bd7e-38df6250548d",
        "badgeId": 15,
        "teamId": "f319f381-88a0-4b50-a33e-f044d3663444",
        "teamName": "8 Bit Bastards",
        "playerName": "HyperBacon6463",
        "webUrl": "9962",
        "comment": "",
        "timestamp": 1769095209771,
        "status": "approved",
        "judgeMessage": "\"Responsive as hell\"",
        "pointsAwarded": 10
      },
      {
        "id": "7ba4d3bb-c58d-4e4e-b7b3-cc79300f67b7",
        "badgeId": 23,
        "teamId": "6c2b7d25-0d1b-449a-8625-e1ce8d8de2d2",
        "teamName": "Itera Scope Creepers",
        "playerName": "Moorbitz",
        "webUrl": "9957",
        "comment": "",
        "timestamp": 1769095352888,
        "status": "approved",
        "judgeMessage": "MCP is pretty hip!",
        "pointsAwarded": 10
      },
      {
        "id": "5b6cca45-980a-4dcb-8a6b-fb627b92cbb9",
        "badgeId": 10,
        "teamId": "59da1d04-0c04-415a-b07c-d12cd4534dbe",
        "teamName": "404DiamondsNotFound",
        "playerName": "YearlyDread997",
        "webUrl": "9897",
        "comment": "Happy camper",
        "timestamp": 1769095967748,
        "status": "approved",
        "judgeMessage": "Love the decorations, keep the team spirit up and enjoy the weekend! :)",
        "pointsAwarded": 10
      },
      {
        "id": "defbb97e-3a87-45e2-951b-9db381bad8df",
        "badgeId": 28,
        "teamId": "f23f324a-370a-4278-9bfe-99e7c1f14752",
        "teamName": "Logiqraft",
        "playerName": "Vasile4kin9611",
        "webUrl": "9993",
        "comment": "Show and Tell from LogiQraft!",
        "timestamp": 1769097334065,
        "status": "approved",
        "pointsAwarded": 10
      },
      {
        "id": "bc5e7053-531f-4077-b66c-6a0a6431a93a",
        "badgeId": 28,
        "teamId": "59da1d04-0c04-415a-b07c-d12cd4534dbe",
        "teamName": "404DiamondsNotFound",
        "playerName": "YearlyDread997",
        "webUrl": "9783",
        "comment": "",
        "timestamp": 1769097387404,
        "status": "approved",
        "judgeMessage": "Veeeery cool solution, look forward to seeing it work!",
        "pointsAwarded": 10
      },
      {
        "id": "99933d2b-0e15-4c05-b61e-bc2c73f8a23a",
        "badgeId": 19,
        "teamId": "f23f324a-370a-4278-9bfe-99e7c1f14752",
        "teamName": "Logiqraft",
        "playerName": "Vasile4kin9611",
        "webUrl": "9980",
        "comment": "Craft Craft Craft! ",
        "timestamp": 1769097420640,
        "status": "approved",
        "pointsAwarded": 10
      },
      {
        "id": "ad93d75e-8ee8-4df7-8928-6c3178493a81",
        "badgeId": 26,
        "teamId": "f23f324a-370a-4278-9bfe-99e7c1f14752",
        "teamName": "Logiqraft",
        "playerName": "Vasile4kin9611",
        "webUrl": "9922",
        "comment": "Check out point 11",
        "timestamp": 1769098345020,
        "status": "approved",
        "judgeMessage": "But only just... ;)",
        "pointsAwarded": 10
      },
      {
        "id": "8aa16874-7e42-45da-b9d7-608eccfa937b",
        "badgeId": 10,
        "teamId": "9ddcb9cb-af4f-4f8d-b6c0-26833e9ade4f",
        "teamName": "EVIDIently crafted",
        "playerName": "DualAgenda03680",
        "webUrl": "10013",
        "comment": "",
        "timestamp": 1769098534396,
        "status": "approved",
        "judgeMessage": "Need sword fights every day :D Enjoy the weekend!",
        "pointsAwarded": 10
      },
      {
        "id": "b4a852d2-d095-4c56-b809-830d7b3a36d2",
        "badgeId": 30,
        "teamId": "907de61c-3a77-479f-b591-397b4769475c",
        "teamName": "Cepheo CC",
        "playerName": "Madinho3285",
        "webUrl": "10008",
        "comment": "",
        "timestamp": 1769098797599,
        "status": "rejected",
        "judgeMessage": "Badge text should read \"mitigate\" and not \"integrate\", and will be updated. We want to avoid nad AI."
      },
      {
        "id": "c6616082-b40b-46f9-aeed-946f302b847b",
        "badgeId": 22,
        "teamId": "f2329201-4fc0-4646-93b8-107df0569dc8",
        "teamName": "BratwurstAndBiscuits",
        "playerName": "CuBe167",
        "webUrl": "10033",
        "comment": "",
        "timestamp": 1769099272141,
        "status": "approved",
        "judgeMessage": "Approvals! TICK!",
        "pointsAwarded": 10
      },
      {
        "id": "6600a9cc-dc32-4f31-8274-e221ecf2a9dd",
        "badgeId": 18,
        "teamId": "f23f324a-370a-4278-9bfe-99e7c1f14752",
        "teamName": "Logiqraft",
        "playerName": "Vasile4kin9611",
        "webUrl": "10044",
        "comment": "Dataflow recipe is here!",
        "timestamp": 1769099407257,
        "status": "approved",
        "pointsAwarded": 10
      },
      {
        "id": "220448c7-d0a4-4545-9693-751bcd3b719a",
        "badgeId": 23,
        "teamId": "ccca9b85-7514-4268-961d-0a7bf35e6d45",
        "teamName": "Enderdogs",
        "playerName": "PrintQuill8982",
        "webUrl": "9985",
        "comment": "",
        "timestamp": 1769099437256,
        "status": "approved",
        "judgeMessage": "Missed opportunity to land a point on Fabric IQ. ;) But great.",
        "pointsAwarded": 10
      },
      {
        "id": "434ab4ed-7bbc-4381-a034-1a1b84b56460",
        "badgeId": 30,
        "teamId": "ccca9b85-7514-4268-961d-0a7bf35e6d45",
        "teamName": "Enderdogs",
        "playerName": "PrintQuill8982",
        "webUrl": "9985",
        "comment": "",
        "timestamp": 1769099461774,
        "status": "approved",
        "judgeMessage": "Good AI #FTW",
        "pointsAwarded": 10
      },
      {
        "id": "b5e0f788-acb2-4dd4-882d-55d173789508",
        "badgeId": 12,
        "teamId": "907de61c-3a77-479f-b591-397b4769475c",
        "teamName": "Cepheo CC",
        "playerName": "Madinho3285",
        "webUrl": "10058",
        "comment": "",
        "timestamp": 1769099689150,
        "status": "approved",
        "judgeMessage": "Next time, get your favorite judge a beer too please ^^",
        "pointsAwarded": 10
      },
      {
        "id": "c6f1ce57-1c24-4fea-82dd-8dad4e39078e",
        "badgeId": 23,
        "teamId": "f23f324a-370a-4278-9bfe-99e7c1f14752",
        "teamName": "Logiqraft",
        "playerName": "Vasile4kin9611",
        "webUrl": "10009",
        "comment": "Hipster hi",
        "timestamp": 1769100138986,
        "status": "approved",
        "judgeMessage": "Approved, but you have a missing image. ;) Please fix.",
        "pointsAwarded": 10
      },
      {
        "id": "428a50fa-5f0c-4180-b93d-24c097da5773",
        "badgeId": 12,
        "teamId": "030d6d09-ad1f-42b9-837e-f5d60bbbf5c6",
        "teamName": "PixelPoints",
        "playerName": "Antioxzus",
        "webUrl": "10061",
        "comment": "",
        "timestamp": 1769100474784,
        "status": "rejected",
        "judgeMessage": "Missing your social media post!"
      },
      {
        "id": "73e7753a-5dfd-42c8-b10f-e6d55acbdc91",
        "badgeId": 7,
        "teamId": "388bb4e7-9bb1-4997-b961-34f4b9dae144",
        "teamName": "datablocks",
        "playerName": "kauba",
        "webUrl": "9990",
        "comment": "",
        "timestamp": 1769100549867,
        "status": "rejected",
        "judgeMessage": "That's common courtesy, not community champion. GO OUT OF YOUR WAY!"
      },
      {
        "id": "c9fd7d79-fa85-4d36-820b-6f6de1532b0e",
        "badgeId": 10,
        "teamId": "388bb4e7-9bb1-4997-b961-34f4b9dae144",
        "teamName": "datablocks",
        "playerName": "kauba",
        "webUrl": "9990",
        "comment": "",
        "timestamp": 1769100559495,
        "status": "approved",
        "judgeMessage": "Enjoy the weekend! :D",
        "pointsAwarded": 10
      },
      {
        "id": "fb8d8c5a-eed5-4908-8cdf-26a13bdd2e7f",
        "badgeId": 12,
        "teamId": "388bb4e7-9bb1-4997-b961-34f4b9dae144",
        "teamName": "datablocks",
        "playerName": "kauba",
        "webUrl": "9990",
        "comment": "",
        "timestamp": 1769100577954,
        "status": "approved",
        "pointsAwarded": 10
      },
      {
        "id": "b7030e50-41cd-461c-bcae-7c18a92a26b4",
        "badgeId": 30,
        "teamId": "907de61c-3a77-479f-b591-397b4769475c",
        "teamName": "Cepheo CC",
        "playerName": "Madinho3285",
        "webUrl": "10008",
        "comment": "",
        "timestamp": 1769100579387,
        "status": "approved",
        "judgeMessage": "10 points goes to........ CraftingCreepers!",
        "pointsAwarded": 10
      },
      {
        "id": "39f3cc22-fe1b-4a7c-aa41-a235b8ef1644",
        "badgeId": 8,
        "teamId": "59da1d04-0c04-415a-b07c-d12cd4534dbe",
        "teamName": "404DiamondsNotFound",
        "playerName": "MagicPantalones",
        "webUrl": "9898",
        "comment": "",
        "timestamp": 1769100580400,
        "status": "approved",
        "judgeMessage": "Sure, you get -10 by proxy for Microsoft not enabling a standard feature in early release :D",
        "pointsAwarded": -10
      },
      {
        "id": "df4c6eab-b761-44a8-8a19-07c344bac7ea",
        "badgeId": 19,
        "teamId": "388bb4e7-9bb1-4997-b961-34f4b9dae144",
        "teamName": "datablocks",
        "playerName": "kauba",
        "webUrl": "9990",
        "comment": "",
        "timestamp": 1769100599484,
        "status": "rejected",
        "judgeMessage": "Needs to be integration with an external, physical device (phone, printer, camera etc.)"
      },
      {
        "id": "7d5dbfa6-4ce4-4c85-9f68-9b406cb09adf",
        "badgeId": 25,
        "teamId": "388bb4e7-9bb1-4997-b961-34f4b9dae144",
        "teamName": "datablocks",
        "playerName": "kauba",
        "webUrl": "9990",
        "comment": "",
        "timestamp": 1769100625203,
        "status": "rejected",
        "judgeMessage": "I would like to see a post that details your plugin n' play claim - elaborate on the plugins!"
      },
      {
        "id": "aa6b3ff3-baeb-4e08-8979-1d76a6be2317",
        "badgeId": 23,
        "teamId": "388bb4e7-9bb1-4997-b961-34f4b9dae144",
        "teamName": "datablocks",
        "playerName": "kauba",
        "webUrl": "9990",
        "comment": "",
        "timestamp": 1769100639317,
        "status": "rejected",
        "judgeMessage": "I think we need some more meat on the bones. Try explaining more in depth the cool tech. This was HL"
      },
      {
        "id": "629b62f8-defc-45c9-940b-4b0def9095eb",
        "badgeId": 26,
        "teamId": "388bb4e7-9bb1-4997-b961-34f4b9dae144",
        "teamName": "datablocks",
        "playerName": "kauba",
        "webUrl": "9990",
        "comment": "",
        "timestamp": 1769100655116,
        "status": "approved",
        "judgeMessage": "Cool example",
        "pointsAwarded": 10
      },
      {
        "id": "9f6e5045-0830-497d-88b6-83039f01df42",
        "badgeId": 10,
        "teamId": "f319f381-88a0-4b50-a33e-f044d3663444",
        "teamName": "8 Bit Bastards",
        "playerName": "HyperBacon6463",
        "webUrl": "9917",
        "comment": "",
        "timestamp": 1769100815438,
        "status": "approved",
        "pointsAwarded": 10
      },
      {
        "id": "683ee5af-8253-4e64-8971-73cc41c65657",
        "badgeId": 12,
        "teamId": "f319f381-88a0-4b50-a33e-f044d3663444",
        "teamName": "8 Bit Bastards",
        "playerName": "HyperBacon6463",
        "webUrl": "9917",
        "comment": "",
        "timestamp": 1769100925120,
        "status": "rejected",
        "judgeMessage": "I want a social media post like the badge description says!"
      },
      {
        "id": "7425c978-02bf-4236-ba39-23a835f046c6",
        "badgeId": 19,
        "teamId": "59da1d04-0c04-415a-b07c-d12cd4534dbe",
        "teamName": "404DiamondsNotFound",
        "playerName": "YearlyDread997",
        "webUrl": "10062",
        "comment": "",
        "timestamp": 1769102258260,
        "status": "approved",
        "judgeMessage": "Perfect example of Embedding Numbnuts!",
        "pointsAwarded": 10
      },
      {
        "id": "e8955eb5-140f-4b02-8475-6c0923ee4ff8",
        "badgeId": 12,
        "teamId": "030d6d09-ad1f-42b9-837e-f5d60bbbf5c6",
        "teamName": "PixelPoints",
        "playerName": "Antioxzus",
        "webUrl": "10061",
        "comment": "",
        "timestamp": 1769102440991,
        "status": "approved",
        "judgeMessage": "THERE WE GO <3",
        "pointsAwarded": 10
      },
      {
        "id": "1a15e60b-8a6a-4c5c-98bf-95d9e9f4ae6e",
        "badgeId": 12,
        "teamId": "59da1d04-0c04-415a-b07c-d12cd4534dbe",
        "teamName": "404DiamondsNotFound",
        "playerName": "YearlyDread997",
        "webUrl": "10082",
        "comment": "",
        "timestamp": 1769103021043,
        "status": "approved",
        "judgeMessage": "Love the social media post! Next time, tag your favorite judge!",
        "pointsAwarded": 10
      },
      {
        "id": "ed5f9a20-a62a-48e8-8fcc-363d63122917",
        "badgeId": 24,
        "teamId": "59da1d04-0c04-415a-b07c-d12cd4534dbe",
        "teamName": "404DiamondsNotFound",
        "playerName": "YearlyDread997",
        "webUrl": "10092",
        "comment": "",
        "timestamp": 1769103432519,
        "status": "approved",
        "judgeMessage": "That hack was so dirty that I needed a shower after reading about it. Well done, proud of you!",
        "pointsAwarded": 10
      },
      {
        "id": "69d9f425-e1d6-4c27-9e34-b74e119de2b0",
        "badgeId": 14,
        "teamId": "907de61c-3a77-479f-b591-397b4769475c",
        "teamName": "Cepheo CC",
        "playerName": "Madinho3285",
        "webUrl": "10096",
        "comment": "",
        "timestamp": 1769103458087,
        "status": "approved",
        "judgeMessage": "Mindflay away!",
        "pointsAwarded": 10
      },
      {
        "id": "0082211d-6faa-47d2-8ecb-3cd99c8c4e62",
        "badgeId": 15,
        "teamId": "f2329201-4fc0-4646-93b8-107df0569dc8",
        "teamName": "BratwurstAndBiscuits",
        "playerName": "CuBe167",
        "webUrl": "10089",
        "comment": "",
        "timestamp": 1769103935316,
        "status": "approved",
        "pointsAwarded": 10
      },
      {
        "id": "f3195b09-95db-42ff-8bae-e4f4e807f266",
        "badgeId": 28,
        "teamId": "f2329201-4fc0-4646-93b8-107df0569dc8",
        "teamName": "BratwurstAndBiscuits",
        "playerName": "CuBe167",
        "webUrl": "10076",
        "comment": "",
        "timestamp": 1769103952674,
        "status": "approved",
        "pointsAwarded": 10
      },
      {
        "id": "90674661-86ba-46e6-a4b7-47aa1cdb4973",
        "badgeId": 25,
        "teamId": "030d6d09-ad1f-42b9-837e-f5d60bbbf5c6",
        "teamName": "PixelPoints",
        "playerName": "Antioxzus",
        "webUrl": "10081",
        "comment": "",
        "timestamp": 1769104035610,
        "status": "approved",
        "judgeMessage": "Technically Java Edition isn't a Microsoft product (Bedrock is) - but I'd love to see your Git repo!",
        "pointsAwarded": 10
      },
      {
        "id": "aeaa6ba0-8310-4c8b-bc29-3498f7a6d9af",
        "badgeId": 12,
        "teamId": "ccca9b85-7514-4268-961d-0a7bf35e6d45",
        "teamName": "Enderdogs",
        "playerName": "PrintQuill8982",
        "webUrl": "10122",
        "comment": "YIPPIIII!",
        "timestamp": 1769104272362,
        "status": "approved",
        "pointsAwarded": 10
      },
      {
        "id": "6faed91a-ce4f-4760-86ee-5749f829b743",
        "badgeId": 12,
        "teamId": "b0835594-ab90-40c6-968e-7ac04b2b3667",
        "teamName": "CrayCon Creepers",
        "playerName": "Renoz2458",
        "webUrl": "10087",
        "comment": "We love to work with eachother, see our amazing blog for more!",
        "timestamp": 1769104316184,
        "status": "approved",
        "pointsAwarded": 10
      },
      {
        "id": "b6d1fdbb-8ec4-43b2-80ff-e91c64ee5cb4",
        "badgeId": 21,
        "teamId": "b0835594-ab90-40c6-968e-7ac04b2b3667",
        "teamName": "CrayCon Creepers",
        "playerName": "Renoz2458",
        "webUrl": "10087",
        "comment": "Our power page is really looking good, and our focus is that you as a user will enjoy the experience",
        "timestamp": 1769104366580,
        "status": "approved",
        "judgeMessage": "Beautiful!",
        "pointsAwarded": 10
      },
      {
        "id": "ea68c297-57fd-4ff3-afaf-11e88d0ceb63",
        "badgeId": 26,
        "teamId": "b0835594-ab90-40c6-968e-7ac04b2b3667",
        "teamName": "CrayCon Creepers",
        "playerName": "Renoz2458",
        "webUrl": "10087",
        "comment": "As we set up Power page with low code, we love to get our hands dirty in vs code! See blog",
        "timestamp": 1769104465543,
        "status": "rejected",
        "judgeMessage": "I have a fever... and the only cure is more low code! Show me some proper Low code stuff. Power FX?"
      },
      {
        "id": "db02cc90-48f9-4e12-8f31-1889927c7428",
        "badgeId": 13,
        "teamId": "b0835594-ab90-40c6-968e-7ac04b2b3667",
        "teamName": "CrayCon Creepers",
        "playerName": "Renoz2458",
        "webUrl": "10087",
        "comment": "See our latest blog post! We love to share knowledge <3",
        "timestamp": 1769104502917,
        "status": "rejected",
        "judgeMessage": "Need to see some actual cross team luv happening. No proof = did not happen"
      },
      {
        "id": "e9ecb547-ec62-4ec4-8e0c-553e6465d1e0",
        "badgeId": 2,
        "teamId": "030d6d09-ad1f-42b9-837e-f5d60bbbf5c6",
        "teamName": "PixelPoints",
        "playerName": "[Judge: System]",
        "webUrl": "direct-award",
        "comment": "Day 1 Category Winner: Low-Code",
        "timestamp": 1769104948650,
        "status": "approved",
        "judgeMessage": "Day 1 Category Winner: Low-Code",
        "pointsAwarded": 10,
        "rankingSessionId": "c243c3f0-33c7-4c83-b9b2-48a2a55d8c77",
        "rankingDay": 1
      },
      {
        "id": "c3424fe4-261f-4ae7-be2e-44f4f47d2401",
        "badgeId": 3,
        "teamId": "59da1d04-0c04-415a-b07c-d12cd4534dbe",
        "teamName": "404DiamondsNotFound",
        "playerName": "[Judge: System]",
        "webUrl": "direct-award",
        "comment": "Day 1 Category Winner: Code Connoisseur",
        "timestamp": 1769104948663,
        "status": "approved",
        "judgeMessage": "Day 1 Category Winner: Code Connoisseur",
        "pointsAwarded": 10,
        "rankingSessionId": "c243c3f0-33c7-4c83-b9b2-48a2a55d8c77",
        "rankingDay": 1
      },
      {
        "id": "742043d9-bfda-44f0-8e4a-378357fdce8e",
        "badgeId": 4,
        "teamId": "f23f324a-370a-4278-9bfe-99e7c1f14752",
        "teamName": "Logiqraft",
        "playerName": "[Judge: System]",
        "webUrl": "direct-award",
        "comment": "Day 1 Category Winner: Digital transformation",
        "timestamp": 1769104948682,
        "status": "approved",
        "judgeMessage": "Day 1 Category Winner: Digital transformation",
        "pointsAwarded": 10,
        "rankingSessionId": "c243c3f0-33c7-4c83-b9b2-48a2a55d8c77",
        "rankingDay": 1
      },
      {
        "id": "4f681722-2c8d-4c6e-a9c3-13791f65f5d1",
        "badgeId": 5,
        "teamId": "b0835594-ab90-40c6-968e-7ac04b2b3667",
        "teamName": "CrayCon Creepers",
        "playerName": "[Judge: System]",
        "webUrl": "direct-award",
        "comment": "Day 1 Category Winner: Governance & Best Practices",
        "timestamp": 1769104948694,
        "status": "approved",
        "judgeMessage": "Day 1 Category Winner: Governance & Best Practices",
        "pointsAwarded": 10,
        "rankingSessionId": "c243c3f0-33c7-4c83-b9b2-48a2a55d8c77",
        "rankingDay": 1
      },
      {
        "id": "8cf8067f-19cd-4e8c-b1c1-c4e51a92c888",
        "badgeId": 1,
        "teamId": "00c0f93d-32ea-46a7-b027-47082fc986da",
        "teamName": "T IN T",
        "playerName": "[Judge: System]",
        "webUrl": "direct-award",
        "comment": "Day 1 Category Winner: Data, AI & Analytics",
        "timestamp": 1769104948705,
        "status": "approved",
        "judgeMessage": "Day 1 Category Winner: Data, AI & Analytics",
        "pointsAwarded": 10,
        "rankingSessionId": "c243c3f0-33c7-4c83-b9b2-48a2a55d8c77",
        "rankingDay": 1
      },
      {
        "id": "4e6ed454-edca-4a62-b1cf-e42b11ce87cb",
        "badgeId": 6,
        "teamId": "9ddcb9cb-af4f-4f8d-b6c0-26833e9ade4f",
        "teamName": "EVIDIently crafted",
        "playerName": "[Judge: System]",
        "webUrl": "direct-award",
        "comment": "Day 1 Category Winner: Redstone Realm",
        "timestamp": 1769104948724,
        "status": "approved",
        "judgeMessage": "Day 1 Category Winner: Redstone Realm",
        "pointsAwarded": 10,
        "rankingSessionId": "c243c3f0-33c7-4c83-b9b2-48a2a55d8c77",
        "rankingDay": 1
      },
      {
        "id": "9b9cbe11-ab6d-49c3-9d41-d34daa377660",
        "badgeId": 24,
        "teamId": "030d6d09-ad1f-42b9-837e-f5d60bbbf5c6",
        "teamName": "PixelPoints",
        "playerName": "Antioxzus",
        "webUrl": "10128",
        "comment": "",
        "timestamp": 1769104961609,
        "status": "approved",
        "judgeMessage": "Best API key of the hackathon so far? Yes! Seinfeld reference? Wish I could award extra points!",
        "pointsAwarded": 10
      },
      {
        "id": "97627b18-f020-4a46-8ac2-3a290d4bd617",
        "badgeId": 27,
        "teamId": "907de61c-3a77-479f-b591-397b4769475c",
        "teamName": "Cepheo CC",
        "playerName": "Madinho3285",
        "webUrl": "10140",
        "comment": "",
        "timestamp": 1769105801550,
        "status": "rejected",
        "judgeMessage": "I think you should try to find a proper 3270 font.. then it's yours."
      },
      {
        "id": "07caa6f5-50d1-430e-b0dc-a04c42d24137",
        "badgeId": 14,
        "teamId": "59da1d04-0c04-415a-b07c-d12cd4534dbe",
        "teamName": "404DiamondsNotFound",
        "playerName": "MagicPantalones",
        "webUrl": "10023",
        "comment": "",
        "timestamp": 1769105821215,
        "status": "approved",
        "judgeMessage": "Thin ice.... I would love to see some more examples of processes used also.",
        "pointsAwarded": 10
      },
      {
        "id": "9abe241f-1111-4ba2-a28d-626879ed7e4b",
        "badgeId": 30,
        "teamId": "59da1d04-0c04-415a-b07c-d12cd4534dbe",
        "teamName": "404DiamondsNotFound",
        "playerName": "MagicPantalones",
        "webUrl": "10067",
        "comment": "",
        "timestamp": 1769106259207,
        "status": "rejected",
        "judgeMessage": "Re-read the description.. you also need to mitigate the risk. "
      },
      {
        "id": "b27e8f5a-8853-440b-af17-da6768e90c4a",
        "badgeId": 33,
        "teamId": "ccca9b85-7514-4268-961d-0a7bf35e6d45",
        "teamName": "Enderdogs",
        "playerName": "PrintQuill8982",
        "webUrl": "10148",
        "comment": "Its our entire Azure, but not our entire solution as IaC",
        "timestamp": 1769116592556,
        "status": "approved",
        "judgeMessage": "Great approach, clearly explained, and some sweet, sweet code snippets in the blog - nice!",
        "pointsAwarded": 10
      },
      {
        "id": "4c1d01fd-bb7c-46c1-aa35-69bac0ba3260",
        "badgeId": 27,
        "teamId": "59da1d04-0c04-415a-b07c-d12cd4534dbe",
        "teamName": "404DiamondsNotFound",
        "playerName": "kn4044966",
        "webUrl": "10147",
        "comment": "",
        "timestamp": 1769117222279,
        "status": "pending"
      },
      {
        "id": "94da8d56-c500-4dc4-b8d1-e3bb18c62d83",
        "badgeId": 19,
        "teamId": "907de61c-3a77-479f-b591-397b4769475c",
        "teamName": "Cepheo CC",
        "playerName": "Madinho3285",
        "webUrl": "9949",
        "comment": "",
        "timestamp": 1769118440093,
        "status": "approved",
        "judgeMessage": "10/10 flipping bits IRL #hipsters",
        "pointsAwarded": 10
      },
      {
        "id": "d510ffec-5248-4275-b61c-e773be308af2",
        "badgeId": 21,
        "teamId": "f319f381-88a0-4b50-a33e-f044d3663444",
        "teamName": "8 Bit Bastards",
        "playerName": "Username9955",
        "webUrl": "10168",
        "comment": ":)))",
        "timestamp": 1769118760167,
        "status": "approved",
        "judgeMessage": "12/10 shiny glossy shine gloss!",
        "pointsAwarded": 10
      },
      {
        "id": "5e416875-0bb5-4def-ac13-b975c963d71d",
        "badgeId": 27,
        "teamId": "907de61c-3a77-479f-b591-397b4769475c",
        "teamName": "Cepheo CC",
        "playerName": "Madinho3285",
        "webUrl": "10140",
        "comment": "",
        "timestamp": 1769119167071,
        "status": "pending"
      },
      {
        "id": "73196033-70da-4672-958a-25baa738645e",
        "badgeId": 27,
        "teamId": "b0835594-ab90-40c6-968e-7ac04b2b3667",
        "teamName": "CrayCon Creepers",
        "playerName": "Renoz2458",
        "webUrl": "10170",
        "comment": "Our blogpost says it all, we love retro vibes",
        "timestamp": 1769120018991,
        "status": "pending"
      },
      {
        "id": "5c771d0b-d82a-4996-80c6-68919ab379db",
        "badgeId": 22,
        "teamId": "f319f381-88a0-4b50-a33e-f044d3663444",
        "teamName": "8 Bit Bastards",
        "playerName": "UnknownShellum",
        "webUrl": "10178",
        "comment": "Want some choclate?",
        "timestamp": 1769120034985,
        "status": "approved",
        "judgeMessage": "Short, but sweet.",
        "pointsAwarded": 10
      },
      {
        "id": "9292b022-8336-4b97-922f-cc3dd9c35a7e",
        "badgeId": 10,
        "teamId": "b0835594-ab90-40c6-968e-7ac04b2b3667",
        "teamName": "CrayCon Creepers",
        "playerName": "Renoz2458",
        "webUrl": "10170",
        "comment": "Nothing beats cozy minecraft vibes while we code through the night!!",
        "timestamp": 1769120046549,
        "status": "approved",
        "judgeMessage": "Vibing through the night is the way to go \\o/",
        "pointsAwarded": 10
      },
      {
        "id": "ff4b5cf1-d736-4ad2-854a-0e879b815fb3",
        "badgeId": 10,
        "teamId": "f2329201-4fc0-4646-93b8-107df0569dc8",
        "teamName": "BratwurstAndBiscuits",
        "playerName": "FlouryMint8465",
        "webUrl": "10127",
        "comment": "",
        "timestamp": 1769120493106,
        "status": "approved",
        "judgeMessage": "Love the Minecraft camp and the real snacks! Enjoy the weekend! :D",
        "pointsAwarded": 10
      },
      {
        "id": "c40b39ca-d32b-4df0-94a7-717efaf84698",
        "badgeId": 22,
        "teamId": "b0835594-ab90-40c6-968e-7ac04b2b3667",
        "teamName": "CrayCon Creepers",
        "playerName": "Renoz2458",
        "webUrl": "10199",
        "comment": "Things are always better when automated!",
        "timestamp": 1769121502160,
        "status": "approved",
        "judgeMessage": "Approved!",
        "pointsAwarded": 10
      },
      {
        "id": "bd45be05-e273-441c-8fa2-7ce1bf2738a1",
        "badgeId": 27,
        "teamId": "9ddcb9cb-af4f-4f8d-b6c0-26833e9ade4f",
        "teamName": "EVIDIently crafted",
        "playerName": "DualAgenda03680",
        "webUrl": "10149",
        "comment": "",
        "timestamp": 1769121707713,
        "status": "pending"
      },
      {
        "id": "5afd3a6f-1495-4555-aaa8-5b8979f974f5",
        "badgeId": 22,
        "teamId": "ccca9b85-7514-4268-961d-0a7bf35e6d45",
        "teamName": "Enderdogs",
        "playerName": "PrintQuill8982",
        "webUrl": "10148",
        "comment": "It makes the prosess flow better",
        "timestamp": 1769121781189,
        "status": "rejected",
        "judgeMessage": "Close, but I was looking for a PowerAutomate or LogicApp."
      },
      {
        "id": "5ae1e85d-76b6-41d2-8d42-91499da5450b",
        "badgeId": 30,
        "teamId": "59da1d04-0c04-415a-b07c-d12cd4534dbe",
        "teamName": "404DiamondsNotFound",
        "playerName": "kn4044966",
        "webUrl": "10067",
        "comment": "",
        "timestamp": 1769122045379,
        "status": "pending"
      },
      {
        "id": "f3e14f5e-1f19-44f8-8302-cedf45e03dc6",
        "badgeId": 25,
        "teamId": "59da1d04-0c04-415a-b07c-d12cd4534dbe",
        "teamName": "404DiamondsNotFound",
        "playerName": "YearlyDread997",
        "webUrl": "10200",
        "comment": "",
        "timestamp": 1769122378846,
        "status": "rejected",
        "judgeMessage": "Rejected as requested"
      },
      {
        "id": "527f1b8f-4dd7-436f-8987-9de2a6623189",
        "badgeId": 15,
        "teamId": "907de61c-3a77-479f-b591-397b4769475c",
        "teamName": "Cepheo CC",
        "playerName": "Madinho3285",
        "webUrl": "10220",
        "comment": "",
        "timestamp": 1769122678732,
        "status": "pending"
      },
      {
        "id": "c6ac3d04-143a-4e6a-a775-984ec9a648e4",
        "badgeId": 17,
        "teamId": "907de61c-3a77-479f-b591-397b4769475c",
        "teamName": "Cepheo CC",
        "playerName": "Madinho3285",
        "webUrl": "10230",
        "comment": "",
        "timestamp": 1769123995076,
        "status": "pending"
      },
      {
        "id": "e907d09f-eddd-4f33-820e-2fc9f2e5668f",
        "badgeId": 32,
        "teamId": "f23f324a-370a-4278-9bfe-99e7c1f14752",
        "teamName": "Logiqraft",
        "playerName": "Vasile4kin9611",
        "webUrl": "10233",
        "comment": "Client Side Salsa!",
        "timestamp": 1769124423789,
        "status": "approved",
        "judgeMessage": "Mmm, smell that? Smells like a tasty PCF component! Juicy code, best practices, and a great UI.",
        "pointsAwarded": 10
      },
      {
        "id": "3e77353c-01e9-4a00-a70f-89ce6cda28f1",
        "badgeId": 13,
        "teamId": "59da1d04-0c04-415a-b07c-d12cd4534dbe",
        "teamName": "404DiamondsNotFound",
        "playerName": "YearlyDread997",
        "webUrl": "10227",
        "comment": "",
        "timestamp": 1769125061054,
        "status": "rejected",
        "judgeMessage": "Failed to reconnect to ptacdc2026"
      },
      {
        "id": "975fbc8d-8122-4d6d-a0d0-e2fc7d241165",
        "badgeId": 26,
        "teamId": "59da1d04-0c04-415a-b07c-d12cd4534dbe",
        "teamName": "404DiamondsNotFound",
        "playerName": "YearlyDread997",
        "webUrl": "10219",
        "comment": "",
        "timestamp": 1769125500096,
        "status": "rejected",
        "judgeMessage": "EXCELLENT process. I am missing the pro-code part of it."
      },
      {
        "id": "d0b750c8-c572-401b-aaea-122717f8cafd",
        "badgeId": 16,
        "teamId": "b0835594-ab90-40c6-968e-7ac04b2b3667",
        "teamName": "CrayCon Creepers",
        "playerName": "Renoz2458",
        "webUrl": "10259",
        "comment": "Search your way through our power page with our modern implementation of search!",
        "timestamp": 1769126276643,
        "status": "pending"
      },
      {
        "id": "7abf0996-a80e-40a7-baa1-b2acf1c886ff",
        "badgeId": 10,
        "teamId": "907de61c-3a77-479f-b591-397b4769475c",
        "teamName": "Cepheo CC",
        "playerName": "Madinho3285",
        "webUrl": "10266",
        "comment": "",
        "timestamp": 1769127181341,
        "status": "pending"
      },
      {
        "id": "5a71ab69-b72e-4550-ad18-78ff19afdbc6",
        "badgeId": 21,
        "teamId": "907de61c-3a77-479f-b591-397b4769475c",
        "teamName": "Cepheo CC",
        "playerName": "Madinho3285",
        "webUrl": "10272",
        "comment": "",
        "timestamp": 1769127867167,
        "status": "pending"
      },
      {
        "id": "f4bf157c-ede1-40aa-8bbe-37e6078beb5c",
        "badgeId": 17,
        "teamId": "b0835594-ab90-40c6-968e-7ac04b2b3667",
        "teamName": "CrayCon Creepers",
        "playerName": "Renoz2458",
        "webUrl": "10265",
        "comment": "Working 9-1.30 with dashboards just for you",
        "timestamp": 1769128181474,
        "status": "pending"
      },
      {
        "id": "e3e31a2f-d2f2-44c0-b0f7-7d76bba61773",
        "badgeId": 11,
        "teamId": "907de61c-3a77-479f-b591-397b4769475c",
        "teamName": "Cepheo CC",
        "playerName": "Madinho3285",
        "webUrl": "10281",
        "comment": "",
        "timestamp": 1769150347409,
        "status": "approved",
        "judgeMessage": "I LOVE all the data proof! <3 ",
        "pointsAwarded": 10
      },
      {
        "id": "dff15f21-5547-47b0-a0b5-a7014c20fa54",
        "badgeId": 11,
        "teamId": "388bb4e7-9bb1-4997-b961-34f4b9dae144",
        "teamName": "datablocks",
        "playerName": "kauba",
        "webUrl": "10287",
        "comment": "",
        "timestamp": 1769150798793,
        "status": "approved",
        "pointsAwarded": 10
      },
      {
        "id": "bbd7b8d0-decc-414e-a386-b7563ec8a366",
        "badgeId": 11,
        "teamId": "f319f381-88a0-4b50-a33e-f044d3663444",
        "teamName": "8 Bit Bastards",
        "playerName": "Username9955",
        "webUrl": "10294",
        "comment": "Good morning!",
        "timestamp": 1769151606848,
        "status": "approved",
        "pointsAwarded": 10
      },
      {
        "id": "b81e1243-1531-405c-8f13-9cb340e4585a",
        "badgeId": 11,
        "teamId": "ccca9b85-7514-4268-961d-0a7bf35e6d45",
        "teamName": "Enderdogs",
        "playerName": "PrintQuill8982",
        "webUrl": "10297",
        "comment": "GOOOOD MORNING!!!!",
        "timestamp": 1769152055554,
        "status": "approved",
        "pointsAwarded": 10
      },
      {
        "id": "b515a1e0-27e1-48ea-b43e-e807fde8f244",
        "badgeId": 11,
        "teamId": "59da1d04-0c04-415a-b07c-d12cd4534dbe",
        "teamName": "404DiamondsNotFound",
        "playerName": "kn4044966",
        "webUrl": "9961",
        "comment": "",
        "timestamp": 1769152464914,
        "status": "approved",
        "pointsAwarded": 10
      },
      {
        "id": "502aed54-7c25-4f30-a6de-374cd2e584b3",
        "badgeId": 26,
        "teamId": "907de61c-3a77-479f-b591-397b4769475c",
        "teamName": "Cepheo CC",
        "playerName": "Madinho3285",
        "webUrl": "10305",
        "comment": "",
        "timestamp": 1769152573805,
        "status": "approved",
        "judgeMessage": "PCF is pro code, but what else can you do?",
        "pointsAwarded": 10
      },
      {
        "id": "98e448c9-d56d-40b2-8c80-043e0274770c",
        "badgeId": 11,
        "teamId": "f2329201-4fc0-4646-93b8-107df0569dc8",
        "teamName": "BratwurstAndBiscuits",
        "playerName": "Pauli7202",
        "webUrl": "10196",
        "comment": "",
        "timestamp": 1769153278580,
        "status": "approved",
        "pointsAwarded": 10
      },
      {
        "id": "10f56de2-a726-45d2-96ac-6768d61d4825",
        "badgeId": 11,
        "teamId": "b0835594-ab90-40c6-968e-7ac04b2b3667",
        "teamName": "CrayCon Creepers",
        "playerName": "Renoz2458",
        "webUrl": "10317",
        "comment": "",
        "timestamp": 1769154054573,
        "status": "approved",
        "judgeMessage": "8.40, det var på håret va?",
        "pointsAwarded": 10
      },
      {
        "id": "744771b8-dfa4-4d47-b7f1-b849ed3031c9",
        "badgeId": 11,
        "teamId": "f23f324a-370a-4278-9bfe-99e7c1f14752",
        "teamName": "Logiqraft",
        "playerName": "Vasile4kin9611",
        "webUrl": "10277",
        "comment": "Good morning, judges! <3",
        "timestamp": 1769154092633,
        "status": "approved",
        "judgeMessage": "love the newspaper!",
        "pointsAwarded": 10
      },
      {
        "id": "dc9027f5-9fef-4f45-b809-680f2c788da0",
        "badgeId": 11,
        "teamId": "030d6d09-ad1f-42b9-837e-f5d60bbbf5c6",
        "teamName": "PixelPoints",
        "playerName": "Antioxzus",
        "webUrl": "10312",
        "comment": "",
        "timestamp": 1769154119816,
        "status": "approved",
        "judgeMessage": "love the zoomed in pic on the clock!",
        "pointsAwarded": 10
      },
      {
        "id": "14535c9a-afda-4f6c-8195-326204e32b6b",
        "badgeId": 10,
        "teamId": "00c0f93d-32ea-46a7-b027-47082fc986da",
        "teamName": "T IN T",
        "playerName": "nWreckGL",
        "webUrl": "10326",
        "comment": "",
        "timestamp": 1769154410591,
        "status": "pending"
      },
      {
        "id": "db461cac-987e-417b-a0c0-3fdd1fec6aed",
        "badgeId": 11,
        "teamId": "00c0f93d-32ea-46a7-b027-47082fc986da",
        "teamName": "T IN T",
        "playerName": "nWreckGL",
        "webUrl": "10326",
        "comment": "",
        "timestamp": 1769154431534,
        "status": "approved",
        "judgeMessage": "8.44, close one!",
        "pointsAwarded": 10
      },
      {
        "id": "be2d1252-72aa-4569-949b-586e17ea2416",
        "badgeId": 11,
        "teamId": "9ddcb9cb-af4f-4f8d-b6c0-26833e9ade4f",
        "teamName": "EVIDIently crafted",
        "playerName": "DualAgenda03680",
        "webUrl": "9736",
        "comment": "",
        "timestamp": 1769156251930,
        "status": "approved",
        "judgeMessage": "where is the proof of the fever though? oh well. will let it slide.",
        "pointsAwarded": 10
      },
      {
        "id": "a9212507-7c3a-424a-8da2-d2c4c3a4be84",
        "badgeId": 32,
        "teamId": "b0835594-ab90-40c6-968e-7ac04b2b3667",
        "teamName": "CrayCon Creepers",
        "playerName": "Renoz2458",
        "webUrl": "10347",
        "comment": "Read about our development experience on the blog!",
        "timestamp": 1769158298678,
        "status": "approved",
        "judgeMessage": "I'm SUPER impressed with the web dev skills and a UI which wouldn't look out of place in Rocky IV!",
        "pointsAwarded": 10
      },
      {
        "id": "e4d3fdba-37d9-411a-98c4-d265746a4926",
        "badgeId": 37,
        "teamId": "f2329201-4fc0-4646-93b8-107df0569dc8",
        "teamName": "BratwurstAndBiscuits",
        "playerName": "Pauli7202",
        "webUrl": "10201",
        "comment": "",
        "timestamp": 1769158571565,
        "status": "approved",
        "judgeMessage": "Sponsor approves!",
        "pointsAwarded": 10
      },
      {
        "id": "72df03de-506b-4c75-9178-c55fb816ee8c",
        "badgeId": 14,
        "teamId": "f23f324a-370a-4278-9bfe-99e7c1f14752",
        "teamName": "Logiqraft",
        "playerName": "Vasile4kin9611",
        "webUrl": "10365",
        "comment": "King of integrations or integration is a king",
        "timestamp": 1769160507391,
        "status": "pending"
      },
      {
        "id": "91ebc9fb-d5da-41ef-932f-8d4124398937",
        "badgeId": 24,
        "teamId": "f23f324a-370a-4278-9bfe-99e7c1f14752",
        "teamName": "Logiqraft",
        "playerName": "Vasile4kin9611",
        "webUrl": "10365",
        "comment": "We think its a nasty hack! and hope U agree",
        "timestamp": 1769160590588,
        "status": "approved",
        "judgeMessage": "I like dirty hacks and I cannot lie. That hack was extra DIRRRRRRRTY! Nice work :)",
        "pointsAwarded": 10
      },
      {
        "id": "585e8540-c272-4402-bb1c-b162e2623c98",
        "badgeId": 14,
        "teamId": "b0835594-ab90-40c6-968e-7ac04b2b3667",
        "teamName": "CrayCon Creepers",
        "playerName": "Renoz2458",
        "webUrl": "10359",
        "comment": "Chek our blog for content! :) ",
        "timestamp": 1769161133385,
        "status": "pending"
      },
      {
        "id": "dd6f2de7-4dfc-4901-a8f4-97cce7a4f979",
        "badgeId": 15,
        "teamId": "9ddcb9cb-af4f-4f8d-b6c0-26833e9ade4f",
        "teamName": "EVIDIently crafted",
        "playerName": "DualAgenda03680",
        "webUrl": "10373",
        "comment": "",
        "timestamp": 1769161632983,
        "status": "pending"
      },
      {
        "id": "3a42a5d0-0778-49ba-9ef6-a4be33e3144a",
        "badgeId": 26,
        "teamId": "6c2b7d25-0d1b-449a-8625-e1ce8d8de2d2",
        "teamName": "Itera Scope Creepers",
        "playerName": "Moorbitz",
        "webUrl": "10368",
        "comment": "",
        "timestamp": 1769161635389,
        "status": "pending"
      },
      {
        "id": "f6049a86-61e4-4835-b81f-4dd02175209d",
        "badgeId": 22,
        "teamId": "ccca9b85-7514-4268-961d-0a7bf35e6d45",
        "teamName": "Enderdogs",
        "playerName": "PrintQuill8982",
        "webUrl": "10349",
        "comment": "",
        "timestamp": 1769161776552,
        "status": "pending"
      }
    ]
  }
}