{
  "meta": {
    "messageId": 654,
    "timestamp": 1769162194538,
    "serverTick": 97565201
  },
  "type": "data_dump_chunk",
  "data": {
    "dumpId": "dump-1769162194538",
    "chunkIndex": 0,
    "totalChunks": 4,
    "chunkType": "metadata",
    "badges": [
      {
        "id": 1,
        "title": "Data, AI & Analytics",
        "description": "From raw blocks to data diamonds: Use Fabric to mine and shape all your raw data, surface insights in Power BI visualizations, and prepare strong foundations with Fabric IQ so agents and data scientists can discover the true gems. If it's not valuable, keep refining!",
        "category": "Challenge",
        "score": 100,
        "visible": false
      },
      {
        "id": 2,
        "title": "Low-Code",
        "description": "I really love the simplicity of Low code, but also the extent to how far Low code can be taken without having to write PCF or use code. Intelligent and practical usage of the Low code capabilities across the PowerPlatform components is what I'm looking for.",
        "category": "Challenge",
        "score": 100,
        "visible": false
      },
      {
        "id": 3,
        "title": "Code Connoisseur",
        "description": "Psst, come closer - it's all about the code... AI tools: built using code. Data products: coded into existence. Low-code drag-and-drop stuff: the output of a codefest! Demonstrate how code solves a problem. Be innovative, show off, blow our minds!",
        "category": "Challenge",
        "score": 100,
        "visible": false
      },
      {
        "id": 4,
        "title": "Digital transformation",
        "description": "Deliver a solution that helps businesses do more with less, improving customer experience using intelligent automation. Strong entries show measurable impact, improved customer or employee experience, and a clear understanding of how the solution would work in the real world.",
        "category": "Challenge",
        "score": 100,
        "visible": false
      },
      {
        "id": 5,
        "title": "Governance & Best Practices",
        "description": "AI Governance & Best Practices: I will be evaluating hackathon projects with a focus on responsible AI governance and best practices. This includes assessing how teams address ethics, transparency, data privacy, security, fairness, regulatory compliance, and risk management, as well as how thoughtfully AI is integrated into real-world use cases.",
        "category": "Challenge",
        "score": 100,
        "visible": false
      },
      {
        "id": 6,
        "title": "Redstone Realm",
        "description": "Craft a real business solution using the power of Microsoft 365 / Dynamics 365—SharePoint, Teams, Viva Village, Azure lake and more. In this whirlwind era of AI evolution, you're not just placing blocks—you're forging an AI-infused pickaxe that helps you mine insights faster than ever. Prioritize accessibility, privacy, and a smooth player experience.",
        "category": "Challenge",
        "score": 100,
        "visible": false
      },
      {
        "id": 7,
        "title": "Community Champion",
        "description": "Goes out of their way to help and encourage other teams.",
        "category": "Soft Badges",
        "score": 10,
        "visible": true
      },
      {
        "id": 8,
        "title": "Dooh",
        "description": "Goes out of their way to create something extraordinarily useless or does something really really stupid!",
        "category": "Soft Badges",
        "score": -10,
        "visible": true
      },
      {
        "id": 9,
        "title": "Early Delivery",
        "description": "First end-to-end working solution or detailed plan of solution delivery. Must be delivered before lunch (Thursday 12:00).",
        "category": "Soft Badges",
        "score": 10,
        "visible": true
      },
      {
        "id": 10,
        "title": "Happy Camper",
        "description": "Using gadgets, costumes or similar to create a really cool camp, and keep extraordinary team spirit throughout the event.",
        "category": "Soft Badges",
        "score": 10,
        "visible": true
      },
      {
        "id": 11,
        "title": "Morning Glory",
        "description": "Starting the day before the sun rises.",
        "category": "Soft Badges",
        "score": 10,
        "visible": true
      },
      {
        "id": 12,
        "title": "Remarkable Teamspirit",
        "description": "Keeps an extraordinary good team spirit throughout the day. Snap a picture and post to social media to spread the word.",
        "category": "Soft Badges",
        "score": 10,
        "visible": true
      },
      {
        "id": 13,
        "title": "Sharing is Caring",
        "description": "Code, dataset or Api is made available for other teams and you do a sensible contribution (pull request, Integration) on a competing teams solution.",
        "category": "Soft Badges",
        "score": 10,
        "visible": true
      },
      {
        "id": 14,
        "title": "Thieving Bastards",
        "description": "Uses several third-party solutions in the delivery, opensource or payable solutions made available by others. Show the importance of leveraging existing tools and APIs.",
        "category": "Soft Badges",
        "score": 10,
        "visible": true
      },
      {
        "id": 15,
        "title": "Chameleon",
        "description": "Solution is responsive. Adapts to all devices and screen sizes.",
        "category": "Low Code",
        "score": 10,
        "visible": true
      },
      {
        "id": 16,
        "title": "Crawler",
        "description": "Using search in an innovative, useful way. Solve a business problem!",
        "category": "Low Code",
        "score": 10,
        "visible": true
      },
      {
        "id": 17,
        "title": "Dash It Out",
        "description": "Create great looking dashboards with graphs, kpis and reports using your preferred data visulization framework. Minimum 4 graphs, gauges or kpi's. Make sure the dashboard shows business-value.",
        "category": "Low Code",
        "score": 10,
        "visible": true
      },
      {
        "id": 18,
        "title": "Dataminer",
        "description": "Uses external data to add business-value to existing data in your solution, or mine after gold in you own data and present it in an excellent way.",
        "category": "Low Code",
        "score": 10,
        "visible": true
      },
      {
        "id": 19,
        "title": "Embedding numbnut",
        "description": "Integrate into everything that flips bits.",
        "category": "Low Code",
        "score": 10,
        "visible": true
      },
      {
        "id": 20,
        "title": "Feature Bombing",
        "description": "On popular demand the feature bombing badge is back! But this time cram as many user features into one screen as you can. Five or more and you might get some points. If you go all aboard and it all makes sense, extra points.",
        "category": "Low Code",
        "score": 10,
        "visible": true
      },
      {
        "id": 21,
        "title": "Glossy Pixels",
        "description": "Shiny, beautiful, glossy user interfaces would earn this badge, it won't break on small screens right?",
        "category": "Low Code",
        "score": 10,
        "visible": true
      },
      {
        "id": 22,
        "title": "Go With The Flow",
        "description": "Implement workflow to improve business productivity in a solution. Do you have a process that can be automated?",
        "category": "Low Code",
        "score": 10,
        "visible": true
      },
      {
        "id": 23,
        "title": "Hipster",
        "description": "Show use of the hippest coolest tech.",
        "category": "Low Code",
        "score": 10,
        "visible": true
      },
      {
        "id": 24,
        "title": "Nasty Hacker",
        "description": "Creating superdirty hacks to achieve awesomeness.",
        "category": "Low Code",
        "score": 10,
        "visible": true
      },
      {
        "id": 25,
        "title": "Plug N' Play",
        "description": "This is all about Apps. Create an app/plugin for a Microsoft Product (Teams, SharePoint, Dynamics, Office 365, VS Code, Visual Studio etc.). And don't forget that it has to solve a business need.",
        "category": "Low Code",
        "score": 10,
        "visible": true
      },
      {
        "id": 26,
        "title": "Power User Love",
        "description": "Show a good example of how to use your preffered low-code platform combined with pro code customization.",
        "category": "Low Code",
        "score": 10,
        "visible": true
      },
      {
        "id": 27,
        "title": "Retro badge",
        "description": "Doing something cool with late technologies. It's all legacy now, baby!",
        "category": "Low Code",
        "score": 10,
        "visible": true
      },
      {
        "id": 28,
        "title": "Show And Tell",
        "description": "Got a great, well thought idea with some cool sketches? Maybe you can get a badge for that.",
        "category": "Low Code",
        "score": 10,
        "visible": true
      },
      {
        "id": 29,
        "title": "Stairway To Heaven",
        "description": "Combine at least three different Microsoft cloud Api's and the badge could be yours!",
        "category": "Low Code",
        "score": 10,
        "visible": true
      },
      {
        "id": 30,
        "title": "The Existential Risk",
        "description": "Demonstrate and integrate AI that shows an existential risk for the world. Does your solution have a conscience? Can it think on its own, Is it smarter than a 5'th grader?",
        "category": "Low Code",
        "score": 10,
        "visible": true
      },
      {
        "id": 31,
        "title": "ACDC Craftsman",
        "description": "Practicing development and deployment best-practice. Can only be claimed on day 3 in a single post, where you demonstrate true ACDC craftmanship.",
        "category": "Pro Code",
        "score": 10,
        "visible": true
      },
      {
        "id": 32,
        "title": "Client Side Salsa",
        "description": "Showcases well structured, modern client-side solutions with attention to performance, maintainability, and a great user experience.",
        "category": "Pro Code",
        "score": 10,
        "visible": true
      },
      {
        "id": 33,
        "title": "Power Of The Shell",
        "description": "Script the config of your entire solution. Azure infrastructure as code, ARM, PowerShell, CI/CD.",
        "category": "Pro Code",
        "score": 10,
        "visible": true
      },
      {
        "id": 34,
        "title": "Right Now",
        "description": "Doing something collaborative in real-time with socket.io, signalR, WebSocket etc. Don't repeat yourself! Expecting to see code on this one.",
        "category": "Pro Code",
        "score": 10,
        "visible": true
      },
      {
        "id": 35,
        "title": "Best Build",
        "description": "Awarded to the best build inside team claim land.",
        "category": "Head2Head",
        "score": 10,
        "visible": false
      },
      {
        "id": 36,
        "title": "Escape the Screen",
        "description": "Your challenge is to create an interactive experience which escapes the confines of the screen! It might be a game which turns external lights on or off; maybe it's a mischievous chatbot which accepts voice commands but prints out its answers; could it be a strange app which plays music. Show us the power of your imagination.",
        "category": "Head2Head",
        "score": 10,
        "visible": false
      },
      {
        "id": 37,
        "title": "MSCRM-Addons",
        "description": "Pick one of the amazing addons from MSCRM-addons and incorporate it into your solution. Write a blog",
        "category": "Sponsorship",
        "score": 10,
        "visible": true
      },
      {
        "id": 38,
        "title": "Link Mobility",
        "description": "Link Mobility are opening up their API and providing some of the best solutions within communication",
        "category": "Sponsorship",
        "score": 10,
        "visible": true
      },
      {
        "id": 39,
        "title": "OneFlow",
        "description": "OneFlow being the marketing leader in document signing are providing their solution for all teams to",
        "category": "Sponsorship",
        "score": 10,
        "visible": true
      }
    ],
    "session": null
  }
}