{
  "meta": {
    "messageId": 657,
    "timestamp": 1769162194538,
    "serverTick": 97565201
  },
  "type": "data_dump_chunk",
  "data": {
    "dumpId": "dump-1769162194538",
    "chunkIndex": 3,
    "totalChunks": 4,
    "chunkType": "rankings",
    "rankings": [
      {
        "id": "d6835ae4-6639-424b-b790-ae8d940e536b",
        "day": 1,
        "badgeId": 2,
        "teamId": "59da1d04-0c04-415a-b07c-d12cd4534dbe",
        "teamName": "404DiamondsNotFound",
        "rank": 8,
        "isDraft": false,
        "timestamp": 1769104948647,
        "judgePlayerName": "Fredrik C3"
      },
      {
        "id": "aedbc954-e192-46f3-bb07-86faf1410b62",
        "day": 1,
        "badgeId": 2,
        "teamId": "f319f381-88a0-4b50-a33e-f044d3663444",
        "teamName": "8 Bit Bastards",
        "rank": 10,
        "isDraft": false,
        "timestamp": 1769104948647,
        "judgePlayerName": "Fredrik C3"
      },
      {
        "id": "1951db56-dd85-454b-8b0c-fbdaa1c0c067",
        "day": 1,
        "badgeId": 2,
        "teamId": "f2329201-4fc0-4646-93b8-107df0569dc8",
        "teamName": "BratwurstAndBiscuits",
        "rank": 4,
        "isDraft": false,
        "timestamp": 1769104948647,
        "judgePlayerName": "Fredrik C3"
      },
      {
        "id": "2d9992c0-8096-48f7-8171-41ac873c911f",
        "day": 1,
        "badgeId": 2,
        "teamId": "907de61c-3a77-479f-b591-397b4769475c",
        "teamName": "Cepheo CC",
        "rank": 9,
        "isDraft": false,
        "timestamp": 1769104948648,
        "judgePlayerName": "Fredrik C3"
      },
      {
        "id": "702c1e7f-9760-445f-9158-1e714bfc8a44",
        "day": 1,
        "badgeId": 2,
        "teamId": "b0835594-ab90-40c6-968e-7ac04b2b3667",
        "teamName": "CrayCon Creepers",
        "rank": 3,
        "isDraft": false,
        "timestamp": 1769104948648,
        "judgePlayerName": "Fredrik C3"
      },
      {
        "id": "d86da500-01c8-4c24-b424-b002e7763c17",
        "day": 1,
        "badgeId": 2,
        "teamId": "9ddcb9cb-af4f-4f8d-b6c0-26833e9ade4f",
        "teamName": "EVIDIently crafted",
        "rank": 7,
        "isDraft": false,
        "timestamp": 1769104948648,
        "judgePlayerName": "Fredrik C3"
      },
      {
        "id": "9e8c541d-4edc-4dc9-bd2d-e48c9549414d",
        "day": 1,
        "badgeId": 2,
        "teamId": "ccca9b85-7514-4268-961d-0a7bf35e6d45",
        "teamName": "Enderdogs",
        "rank": 5,
        "isDraft": false,
        "timestamp": 1769104948648,
        "judgePlayerName": "Fredrik C3"
      },
      {
        "id": "a10a6c3a-a667-464e-8170-3534ed9cd307",
        "day": 1,
        "badgeId": 2,
        "teamId": "6c2b7d25-0d1b-449a-8625-e1ce8d8de2d2",
        "teamName": "Itera Scope Creepers",
        "rank": 6,
        "isDraft": false,
        "timestamp": 1769104948649,
        "judgePlayerName": "Fredrik C3"
      },
      {
        "id": "a7478bd8-23ff-4878-995f-ba12106e14aa",
        "day": 1,
        "badgeId": 2,
        "teamId": "f23f324a-370a-4278-9bfe-99e7c1f14752",
        "teamName": "Logiqraft",
        "rank": 12,
        "isDraft": false,
        "timestamp": 1769104948649,
        "judgePlayerName": "Fredrik C3"
      },
      {
        "id": "3b5b5f6a-a20b-4003-97bc-30a6d1c39d0a",
        "day": 1,
        "badgeId": 2,
        "teamId": "030d6d09-ad1f-42b9-837e-f5d60bbbf5c6",
        "teamName": "PixelPoints",
        "rank": 1,
        "isDraft": false,
        "timestamp": 1769104948649,
        "judgePlayerName": "Fredrik C3"
      },
      {
        "id": "ba732652-49b6-434d-9a17-dd8bd7e6848b",
        "day": 1,
        "badgeId": 2,
        "teamId": "00c0f93d-32ea-46a7-b027-47082fc986da",
        "teamName": "T IN T",
        "rank": 11,
        "isDraft": false,
        "timestamp": 1769104948657,
        "judgePlayerName": "Fredrik C3"
      },
      {
        "id": "3c9eb523-c543-4155-bbf8-d4fc8a3c9484",
        "day": 1,
        "badgeId": 2,
        "teamId": "388bb4e7-9bb1-4997-b961-34f4b9dae144",
        "teamName": "datablocks",
        "rank": 2,
        "isDraft": false,
        "timestamp": 1769104948658,
        "judgePlayerName": "Fredrik C3"
      },
      {
        "id": "65304d89-e787-41c3-a35e-6745f11dc42f",
        "day": 1,
        "badgeId": 3,
        "teamId": "59da1d04-0c04-415a-b07c-d12cd4534dbe",
        "teamName": "404DiamondsNotFound",
        "rank": 1,
        "isDraft": false,
        "timestamp": 1769104948662,
        "judgePlayerName": "SheriffOfNottm"
      },
      {
        "id": "7fd6c844-dd8b-40d2-8cc7-c7a2fb42a09e",
        "day": 1,
        "badgeId": 3,
        "teamId": "f319f381-88a0-4b50-a33e-f044d3663444",
        "teamName": "8 Bit Bastards",
        "rank": 10,
        "isDraft": false,
        "timestamp": 1769104948673,
        "judgePlayerName": "SheriffOfNottm"
      },
      {
        "id": "1d9dbd2a-d359-4c51-9fa4-b3b516502e87",
        "day": 1,
        "badgeId": 3,
        "teamId": "f2329201-4fc0-4646-93b8-107df0569dc8",
        "teamName": "BratwurstAndBiscuits",
        "rank": 3,
        "isDraft": false,
        "timestamp": 1769104948673,
        "judgePlayerName": "SheriffOfNottm"
      },
      {
        "id": "58d7545b-c2e0-4525-8732-bc466c806a9a",
        "day": 1,
        "badgeId": 3,
        "teamId": "907de61c-3a77-479f-b591-397b4769475c",
        "teamName": "Cepheo CC",
        "rank": 8,
        "isDraft": false,
        "timestamp": 1769104948674,
        "judgePlayerName": "SheriffOfNottm"
      },
      {
        "id": "f63ad9d3-d849-435f-b211-c2441e2e96e1",
        "day": 1,
        "badgeId": 3,
        "teamId": "b0835594-ab90-40c6-968e-7ac04b2b3667",
        "teamName": "CrayCon Creepers",
        "rank": 9,
        "isDraft": false,
        "timestamp": 1769104948674,
        "judgePlayerName": "SheriffOfNottm"
      },
      {
        "id": "55bdf469-2657-4f7f-b572-868807221bb5",
        "day": 1,
        "badgeId": 3,
        "teamId": "9ddcb9cb-af4f-4f8d-b6c0-26833e9ade4f",
        "teamName": "EVIDIently crafted",
        "rank": 12,
        "isDraft": false,
        "timestamp": 1769104948674,
        "judgePlayerName": "SheriffOfNottm"
      },
      {
        "id": "be405963-2a9f-4a1b-8640-e2f3fc54f469",
        "day": 1,
        "badgeId": 3,
        "teamId": "ccca9b85-7514-4268-961d-0a7bf35e6d45",
        "teamName": "Enderdogs",
        "rank": 4,
        "isDraft": false,
        "timestamp": 1769104948674,
        "judgePlayerName": "SheriffOfNottm"
      },
      {
        "id": "c5698fd0-cdb7-4cff-a38c-f3a0c1ccf3e8",
        "day": 1,
        "badgeId": 3,
        "teamId": "6c2b7d25-0d1b-449a-8625-e1ce8d8de2d2",
        "teamName": "Itera Scope Creepers",
        "rank": 11,
        "isDraft": false,
        "timestamp": 1769104948675,
        "judgePlayerName": "SheriffOfNottm"
      },
      {
        "id": "6ed933f7-3104-4f5c-8850-f16371aa3bd9",
        "day": 1,
        "badgeId": 3,
        "teamId": "f23f324a-370a-4278-9bfe-99e7c1f14752",
        "teamName": "Logiqraft",
        "rank": 7,
        "isDraft": false,
        "timestamp": 1769104948675,
        "judgePlayerName": "SheriffOfNottm"
      },
      {
        "id": "cfe8fd9a-f56b-4125-b394-19ba77d5202e",
        "day": 1,
        "badgeId": 3,
        "teamId": "030d6d09-ad1f-42b9-837e-f5d60bbbf5c6",
        "teamName": "PixelPoints",
        "rank": 6,
        "isDraft": false,
        "timestamp": 1769104948675,
        "judgePlayerName": "SheriffOfNottm"
      },
      {
        "id": "a026694b-163b-479a-afc4-6ac2a84d1231",
        "day": 1,
        "badgeId": 3,
        "teamId": "00c0f93d-32ea-46a7-b027-47082fc986da",
        "teamName": "T IN T",
        "rank": 5,
        "isDraft": false,
        "timestamp": 1769104948676,
        "judgePlayerName": "SheriffOfNottm"
      },
      {
        "id": "cf58edbf-50a3-4a8a-8cff-32a0271ae155",
        "day": 1,
        "badgeId": 3,
        "teamId": "388bb4e7-9bb1-4997-b961-34f4b9dae144",
        "teamName": "datablocks",
        "rank": 2,
        "isDraft": false,
        "timestamp": 1769104948676,
        "judgePlayerName": "SheriffOfNottm"
      },
      {
        "id": "74f559ab-c85b-456e-977d-2b03ff419eb9",
        "day": 1,
        "badgeId": 4,
        "teamId": "59da1d04-0c04-415a-b07c-d12cd4534dbe",
        "teamName": "404DiamondsNotFound",
        "rank": 6,
        "isDraft": false,
        "timestamp": 1769104948679,
        "judgePlayerName": "Wallcreep"
      },
      {
        "id": "ccf49eef-18f3-4d2b-9b68-f9c5bcc581c5",
        "day": 1,
        "badgeId": 4,
        "teamId": "f319f381-88a0-4b50-a33e-f044d3663444",
        "teamName": "8 Bit Bastards",
        "rank": 7,
        "isDraft": false,
        "timestamp": 1769104948679,
        "judgePlayerName": "Wallcreep"
      },
      {
        "id": "4d744a2c-1708-4324-9449-e3931cb588e7",
        "day": 1,
        "badgeId": 4,
        "teamId": "f2329201-4fc0-4646-93b8-107df0569dc8",
        "teamName": "BratwurstAndBiscuits",
        "rank": 3,
        "isDraft": false,
        "timestamp": 1769104948679,
        "judgePlayerName": "Wallcreep"
      },
      {
        "id": "ace10e70-22d4-47d2-824c-bd7f93e76f2a",
        "day": 1,
        "badgeId": 4,
        "teamId": "907de61c-3a77-479f-b591-397b4769475c",
        "teamName": "Cepheo CC",
        "rank": 5,
        "isDraft": false,
        "timestamp": 1769104948680,
        "judgePlayerName": "Wallcreep"
      },
      {
        "id": "6d707849-e4a4-4598-8d0b-b900630144aa",
        "day": 1,
        "badgeId": 4,
        "teamId": "b0835594-ab90-40c6-968e-7ac04b2b3667",
        "teamName": "CrayCon Creepers",
        "rank": 8,
        "isDraft": false,
        "timestamp": 1769104948680,
        "judgePlayerName": "Wallcreep"
      },
      {
        "id": "42002e37-50d2-4546-8b8b-19e1e28a36fb",
        "day": 1,
        "badgeId": 4,
        "teamId": "9ddcb9cb-af4f-4f8d-b6c0-26833e9ade4f",
        "teamName": "EVIDIently crafted",
        "rank": 10,
        "isDraft": false,
        "timestamp": 1769104948680,
        "judgePlayerName": "Wallcreep"
      },
      {
        "id": "1daec9b6-61f6-43e9-a511-47459f374d13",
        "day": 1,
        "badgeId": 4,
        "teamId": "ccca9b85-7514-4268-961d-0a7bf35e6d45",
        "teamName": "Enderdogs",
        "rank": 2,
        "isDraft": false,
        "timestamp": 1769104948681,
        "judgePlayerName": "Wallcreep"
      },
      {
        "id": "85d4ef6b-c564-4c84-b898-6bacf9745a3c",
        "day": 1,
        "badgeId": 4,
        "teamId": "6c2b7d25-0d1b-449a-8625-e1ce8d8de2d2",
        "teamName": "Itera Scope Creepers",
        "rank": 12,
        "isDraft": false,
        "timestamp": 1769104948681,
        "judgePlayerName": "Wallcreep"
      },
      {
        "id": "d1a95812-9063-4094-bfd7-ad97d3d54752",
        "day": 1,
        "badgeId": 4,
        "teamId": "f23f324a-370a-4278-9bfe-99e7c1f14752",
        "teamName": "Logiqraft",
        "rank": 1,
        "isDraft": false,
        "timestamp": 1769104948681,
        "judgePlayerName": "Wallcreep"
      },
      {
        "id": "327ffb25-5f03-4481-a988-45163a50812c",
        "day": 1,
        "badgeId": 4,
        "teamId": "030d6d09-ad1f-42b9-837e-f5d60bbbf5c6",
        "teamName": "PixelPoints",
        "rank": 11,
        "isDraft": false,
        "timestamp": 1769104948690,
        "judgePlayerName": "Wallcreep"
      },
      {
        "id": "2de71568-7688-4595-bb72-b5c5d1e91e92",
        "day": 1,
        "badgeId": 4,
        "teamId": "00c0f93d-32ea-46a7-b027-47082fc986da",
        "teamName": "T IN T",
        "rank": 4,
        "isDraft": false,
        "timestamp": 1769104948690,
        "judgePlayerName": "Wallcreep"
      },
      {
        "id": "fc325210-47ec-4649-8843-10539079b052",
        "day": 1,
        "badgeId": 4,
        "teamId": "388bb4e7-9bb1-4997-b961-34f4b9dae144",
        "teamName": "datablocks",
        "rank": 9,
        "isDraft": false,
        "timestamp": 1769104948690,
        "judgePlayerName": "Wallcreep"
      },
      {
        "id": "e741e3c5-d607-4c8d-8704-0207cee55bc1",
        "day": 1,
        "badgeId": 5,
        "teamId": "b0835594-ab90-40c6-968e-7ac04b2b3667",
        "teamName": "CrayCon Creepers",
        "rank": 1,
        "isDraft": false,
        "timestamp": 1769104948693,
        "judgePlayerName": "Scott Durow"
      },
      {
        "id": "850a78c8-37c8-4fe9-922e-f69f56517a42",
        "day": 1,
        "badgeId": 5,
        "teamId": "388bb4e7-9bb1-4997-b961-34f4b9dae144",
        "teamName": "datablocks",
        "rank": 2,
        "isDraft": false,
        "timestamp": 1769104948701,
        "judgePlayerName": "Scott Durow"
      },
      {
        "id": "a2d5be5e-1176-46fc-88c0-6988fed51a9f",
        "day": 1,
        "badgeId": 5,
        "teamId": "030d6d09-ad1f-42b9-837e-f5d60bbbf5c6",
        "teamName": "PixelPoints",
        "rank": 3,
        "isDraft": false,
        "timestamp": 1769104948701,
        "judgePlayerName": "Scott Durow"
      },
      {
        "id": "218fbd1d-fab7-4306-a4d5-a7c1b339b71a",
        "day": 1,
        "badgeId": 5,
        "teamId": "6c2b7d25-0d1b-449a-8625-e1ce8d8de2d2",
        "teamName": "Itera Scope Creepers",
        "rank": 5,
        "isDraft": false,
        "timestamp": 1769104948702,
        "judgePlayerName": "Scott Durow"
      },
      {
        "id": "74a1e4c8-c8c5-4832-8855-6f1604a863b9",
        "day": 1,
        "badgeId": 5,
        "teamId": "ccca9b85-7514-4268-961d-0a7bf35e6d45",
        "teamName": "Enderdogs",
        "rank": 4,
        "isDraft": false,
        "timestamp": 1769104948702,
        "judgePlayerName": "Scott Durow"
      },
      {
        "id": "e0464a4a-3ce4-42c1-af88-ae67411a691a",
        "day": 1,
        "badgeId": 5,
        "teamId": "f2329201-4fc0-4646-93b8-107df0569dc8",
        "teamName": "BratwurstAndBiscuits",
        "rank": 6,
        "isDraft": false,
        "timestamp": 1769104948702,
        "judgePlayerName": "Scott Durow"
      },
      {
        "id": "f0b4bc4d-8bf6-49a1-8254-bae23695bb31",
        "day": 1,
        "badgeId": 1,
        "teamId": "00c0f93d-32ea-46a7-b027-47082fc986da",
        "teamName": "T IN T",
        "rank": 1,
        "isDraft": false,
        "timestamp": 1769104948704,
        "judgePlayerName": "Aniriak"
      },
      {
        "id": "a73f0b5c-0551-4daf-b736-2fcd52f0686d",
        "day": 1,
        "badgeId": 1,
        "teamId": "030d6d09-ad1f-42b9-837e-f5d60bbbf5c6",
        "teamName": "PixelPoints",
        "rank": 2,
        "isDraft": false,
        "timestamp": 1769104948716,
        "judgePlayerName": "Aniriak"
      },
      {
        "id": "85d61410-ee25-4567-99f0-4861f2387076",
        "day": 1,
        "badgeId": 1,
        "teamId": "9ddcb9cb-af4f-4f8d-b6c0-26833e9ade4f",
        "teamName": "EVIDIently crafted",
        "rank": 3,
        "isDraft": false,
        "timestamp": 1769104948717,
        "judgePlayerName": "Aniriak"
      },
      {
        "id": "a1800787-4f65-4c3c-825a-9eda8697fecc",
        "day": 1,
        "badgeId": 1,
        "teamId": "6c2b7d25-0d1b-449a-8625-e1ce8d8de2d2",
        "teamName": "Itera Scope Creepers",
        "rank": 4,
        "isDraft": false,
        "timestamp": 1769104948717,
        "judgePlayerName": "Aniriak"
      },
      {
        "id": "f8f2534f-2257-4503-af90-66b6cb1e4815",
        "day": 1,
        "badgeId": 1,
        "teamId": "ccca9b85-7514-4268-961d-0a7bf35e6d45",
        "teamName": "Enderdogs",
        "rank": 5,
        "isDraft": false,
        "timestamp": 1769104948718,
        "judgePlayerName": "Aniriak"
      },
      {
        "id": "4f203f44-be80-432c-94c5-2ad2d1660551",
        "day": 1,
        "badgeId": 1,
        "teamId": "388bb4e7-9bb1-4997-b961-34f4b9dae144",
        "teamName": "datablocks",
        "rank": 6,
        "isDraft": false,
        "timestamp": 1769104948718,
        "judgePlayerName": "Aniriak"
      },
      {
        "id": "5a532864-24e8-4ddd-9aca-8bf55d12663b",
        "day": 1,
        "badgeId": 1,
        "teamId": "b0835594-ab90-40c6-968e-7ac04b2b3667",
        "teamName": "CrayCon Creepers",
        "rank": 7,
        "isDraft": false,
        "timestamp": 1769104948718,
        "judgePlayerName": "Aniriak"
      },
      {
        "id": "c7284dfd-d68f-4675-8dde-8ff52130a867",
        "day": 1,
        "badgeId": 1,
        "teamId": "907de61c-3a77-479f-b591-397b4769475c",
        "teamName": "Cepheo CC",
        "rank": 8,
        "isDraft": false,
        "timestamp": 1769104948718,
        "judgePlayerName": "Aniriak"
      },
      {
        "id": "df67999c-1883-4e83-a81b-db1f3f5d24ea",
        "day": 1,
        "badgeId": 1,
        "teamId": "f319f381-88a0-4b50-a33e-f044d3663444",
        "teamName": "8 Bit Bastards",
        "rank": 9,
        "isDraft": false,
        "timestamp": 1769104948719,
        "judgePlayerName": "Aniriak"
      },
      {
        "id": "3ad3dd92-993f-4c93-b590-0f884a059bb5",
        "day": 1,
        "badgeId": 1,
        "teamId": "f2329201-4fc0-4646-93b8-107df0569dc8",
        "teamName": "BratwurstAndBiscuits",
        "rank": 10,
        "isDraft": false,
        "timestamp": 1769104948719,
        "judgePlayerName": "Aniriak"
      },
      {
        "id": "c4deefcd-4432-45f4-8c7a-4b189b4858a2",
        "day": 1,
        "badgeId": 1,
        "teamId": "59da1d04-0c04-415a-b07c-d12cd4534dbe",
        "teamName": "404DiamondsNotFound",
        "rank": 11,
        "isDraft": false,
        "timestamp": 1769104948719,
        "judgePlayerName": "Aniriak"
      },
      {
        "id": "d7fe23d4-86b6-42df-9a49-2d6d5fd84a35",
        "day": 1,
        "badgeId": 1,
        "teamId": "f23f324a-370a-4278-9bfe-99e7c1f14752",
        "teamName": "Logiqraft",
        "rank": 12,
        "isDraft": false,
        "timestamp": 1769104948720,
        "judgePlayerName": "Aniriak"
      },
      {
        "id": "523ef91a-c7e9-4aa4-8022-93c53b5a470d",
        "day": 1,
        "badgeId": 6,
        "teamId": "9ddcb9cb-af4f-4f8d-b6c0-26833e9ade4f",
        "teamName": "EVIDIently crafted",
        "rank": 1,
        "isDraft": false,
        "timestamp": 1769104948723,
        "judgePlayerName": "WobbaBoyza"
      },
      {
        "id": "20699d08-f62c-4bb0-98aa-6aa0be37ed85",
        "day": 1,
        "badgeId": 6,
        "teamId": "f23f324a-370a-4278-9bfe-99e7c1f14752",
        "teamName": "Logiqraft",
        "rank": 2,
        "isDraft": false,
        "timestamp": 1769104948730,
        "judgePlayerName": "WobbaBoyza"
      },
      {
        "id": "c12017fa-7aa7-46d3-a6af-1a2f8410c6c6",
        "day": 1,
        "badgeId": 6,
        "teamId": "907de61c-3a77-479f-b591-397b4769475c",
        "teamName": "Cepheo CC",
        "rank": 3,
        "isDraft": false,
        "timestamp": 1769104948730,
        "judgePlayerName": "WobbaBoyza"
      },
      {
        "id": "97c22219-c10f-42e6-a237-f818471f5816",
        "day": 1,
        "badgeId": 6,
        "teamId": "f319f381-88a0-4b50-a33e-f044d3663444",
        "teamName": "8 Bit Bastards",
        "rank": 4,
        "isDraft": false,
        "timestamp": 1769104948731,
        "judgePlayerName": "WobbaBoyza"
      },
      {
        "id": "96d2e615-2323-470e-aaf5-448a1d25dffc",
        "day": 1,
        "badgeId": 6,
        "teamId": "b0835594-ab90-40c6-968e-7ac04b2b3667",
        "teamName": "CrayCon Creepers",
        "rank": 5,
        "isDraft": false,
        "timestamp": 1769104948731,
        "judgePlayerName": "WobbaBoyza"
      },
      {
        "id": "be0f3b79-a788-4f27-b0de-83332dfc1856",
        "day": 1,
        "badgeId": 6,
        "teamId": "6c2b7d25-0d1b-449a-8625-e1ce8d8de2d2",
        "teamName": "Itera Scope Creepers",
        "rank": 7,
        "isDraft": false,
        "timestamp": 1769104948731,
        "judgePlayerName": "WobbaBoyza"
      },
      {
        "id": "dd675fcb-22ff-48f2-89d3-50b239d19692",
        "day": 1,
        "badgeId": 6,
        "teamId": "ccca9b85-7514-4268-961d-0a7bf35e6d45",
        "teamName": "Enderdogs",
        "rank": 8,
        "isDraft": false,
        "timestamp": 1769104948732,
        "judgePlayerName": "WobbaBoyza"
      },
      {
        "id": "df507354-789f-4d9a-bbc1-71795549d139",
        "day": 1,
        "badgeId": 6,
        "teamId": "59da1d04-0c04-415a-b07c-d12cd4534dbe",
        "teamName": "404DiamondsNotFound",
        "rank": 9,
        "isDraft": false,
        "timestamp": 1769104948732,
        "judgePlayerName": "WobbaBoyza"
      },
      {
        "id": "361ad75c-ee84-4bd9-8ede-ccc2de379cd7",
        "day": 1,
        "badgeId": 6,
        "teamId": "030d6d09-ad1f-42b9-837e-f5d60bbbf5c6",
        "teamName": "PixelPoints",
        "rank": 10,
        "isDraft": false,
        "timestamp": 1769104948732,
        "judgePlayerName": "WobbaBoyza"
      },
      {
        "id": "ab6a129f-49fb-46d2-bfa1-fef4f6156a39",
        "day": 1,
        "badgeId": 6,
        "teamId": "f2329201-4fc0-4646-93b8-107df0569dc8",
        "teamName": "BratwurstAndBiscuits",
        "rank": 11,
        "isDraft": false,
        "timestamp": 1769104948732,
        "judgePlayerName": "WobbaBoyza"
      },
      {
        "id": "f9114ccd-8ff4-4a8b-a7b2-7339250babf1",
        "day": 1,
        "badgeId": 6,
        "teamId": "00c0f93d-32ea-46a7-b027-47082fc986da",
        "teamName": "T IN T",
        "rank": 12,
        "isDraft": false,
        "timestamp": 1769104948733,
        "judgePlayerName": "WobbaBoyza"
      },
      {
        "id": "b2d1079a-f6a4-4f6c-8a6d-c3584d8abd8d",
        "day": 1,
        "badgeId": 6,
        "teamId": "388bb4e7-9bb1-4997-b961-34f4b9dae144",
        "teamName": "datablocks",
        "rank": 6,
        "isDraft": false,
        "timestamp": 1769104948733,
        "judgePlayerName": "WobbaBoyza"
      }
    ]
  }
}