{
  "meta": {
    "messageId": 655,
    "timestamp": 1769162194538,
    "serverTick": 97565201
  },
  "type": "data_dump_chunk",
  "data": {
    "dumpId": "dump-1769162194538",
    "chunkIndex": 1,
    "totalChunks": 4,
    "chunkType": "teams",
    "teams": [
      {
        "id": "ccca9b85-7514-4268-961d-0a7bf35e6d45",
        "name": "Enderdogs",
        "shortName": "2",
        "score": 90,
        "score_badge": 90,
        "score_category": 0,
        "memberCount": 3,
        "created": 1769073233019
      },
      {
        "id": "f2329201-4fc0-4646-93b8-107df0569dc8",
        "name": "BratwurstAndBiscuits",
        "shortName": "3",
        "score": 100,
        "score_badge": 100,
        "score_category": 0,
        "memberCount": 5,
        "created": 1769073244312
      },
      {
        "id": "907de61c-3a77-479f-b591-397b4769475c",
        "name": "Cepheo CC",
        "shortName": "4",
        "score": 90,
        "score_badge": 90,
        "score_category": 0,
        "memberCount": 2,
        "created": 1769073273917
      },
      {
        "id": "f23f324a-370a-4278-9bfe-99e7c1f14752",
        "name": "Logiqraft",
        "shortName": "5",
        "score": 120,
        "score_badge": 110,
        "score_category": 10,
        "memberCount": 2,
        "created": 1769073307219
      },
      {
        "id": "59da1d04-0c04-415a-b07c-d12cd4534dbe",
        "name": "404DiamondsNotFound",
        "shortName": "6",
        "score": 80,
        "score_badge": 70,
        "score_category": 10,
        "memberCount": 3,
        "created": 1769073312658
      },
      {
        "id": "030d6d09-ad1f-42b9-837e-f5d60bbbf5c6",
        "name": "PixelPoints",
        "shortName": "7",
        "score": 90,
        "score_badge": 80,
        "score_category": 10,
        "memberCount": 2,
        "created": 1769073768129
      },
      {
        "id": "f319f381-88a0-4b50-a33e-f044d3663444",
        "name": "8 Bit Bastards",
        "shortName": "8",
        "score": 70,
        "score_badge": 70,
        "score_category": 0,
        "memberCount": 3,
        "created": 1769073770013
      },
      {
        "id": "b0835594-ab90-40c6-968e-7ac04b2b3667",
        "name": "CrayCon Creepers",
        "shortName": "9",
        "score": 90,
        "score_badge": 80,
        "score_category": 10,
        "memberCount": 2,
        "created": 1769073868731
      },
      {
        "id": "00c0f93d-32ea-46a7-b027-47082fc986da",
        "name": "T IN T",
        "shortName": "10",
        "score": 40,
        "score_badge": 30,
        "score_category": 10,
        "memberCount": 4,
        "created": 1769073952934
      },
      {
        "id": "9ddcb9cb-af4f-4f8d-b6c0-26833e9ade4f",
        "name": "EVIDIently crafted",
        "shortName": "11",
        "score": 50,
        "score_badge": 40,
        "score_category": 10,
        "memberCount": 3,
        "created": 1769074242865
      },
      {
        "id": "f9931931-bb2a-4e51-8834-746e9dabc04d",
        "name": "committee",
        "shortName": "12",
        "score": 0,
        "score_badge": 0,
        "score_category": 0,
        "memberCount": 1,
        "created": 1769078075255
      },
      {
        "id": "6c2b7d25-0d1b-449a-8625-e1ce8d8de2d2",
        "name": "Itera Scope Creepers",
        "shortName": "13",
        "score": 30,
        "score_badge": 30,
        "score_category": 0,
        "memberCount": 3,
        "created": 1769084085519
      },
      {
        "id": "388bb4e7-9bb1-4997-b961-34f4b9dae144",
        "name": "datablocks",
        "shortName": "14",
        "score": 60,
        "score_badge": 60,
        "score_category": 0,
        "memberCount": 2,
        "created": 1769084753421
      }
    ]
  }
}